frequency_ghz,model_id,dataset_scope,target_source,label_mode,protocol_sha256,strategy,feature,unit,status,N_common_complete_requests,N_total_planned_requests,N_original_candidates,joint_hit_fraction,score_mean,n,mae,rmse,bias,abs_error_p50,abs_error_p90,abs_error_p95,ci_status,n_request_groups,mae_ci_low,mae_ci_high,rmse_ci_low,rmse_ci_high,bias_ci_low,bias_ci_high,abs_error_p50_ci_low,abs_error_p50_ci_high,abs_error_p90_ci_low,abs_error_p90_ci_high,abs_error_p95_ci_low,abs_error_p95_ci_high
15,f15-5a9547401a37,DEVELOPMENT_5K_NOT_FORMAL_10K,HELDOUT_TRIPLE_AUDIT,STRICT_LUMPED,f12d43eace12231077007dc497fee8dad00fbe58cb2f1fe2c6159c47636b97a0,fixed_q15,Lp_nH,nH,NOT_AVAILABLE,0,20,220,,,0,,,,,,,NOT_ESTIMABLE,0,,,,,,,,,,,,
15,f15-5a9547401a37,DEVELOPMENT_5K_NOT_FORMAL_10K,HELDOUT_TRIPLE_AUDIT,STRICT_LUMPED,f12d43eace12231077007dc497fee8dad00fbe58cb2f1fe2c6159c47636b97a0,fixed_q15,Ls_nH,nH,NOT_AVAILABLE,0,20,220,,,0,,,,,,,NOT_ESTIMABLE,0,,,,,,,,,,,,
15,f15-5a9547401a37,DEVELOPMENT_5K_NOT_FORMAL_10K,HELDOUT_TRIPLE_AUDIT,STRICT_LUMPED,f12d43eace12231077007dc497fee8dad00fbe58cb2f1fe2c6159c47636b97a0,fixed_q15,Qmin,dimensionless,NOT_AVAILABLE,0,20,220,,,0,,,,,,,NOT_ESTIMABLE,0,,,,,,,,,,,,
15,f15-5a9547401a37,DEVELOPMENT_5K_NOT_FORMAL_10K,HELDOUT_TRIPLE_AUDIT,STRICT_LUMPED,f12d43eace12231077007dc497fee8dad00fbe58cb2f1fe2c6159c47636b97a0,fixed_q15,K_abs,dimensionless,NOT_AVAILABLE,0,20,220,,,0,,,,,,,NOT_ESTIMABLE,0,,,,,,,,,,,,
15,f15-5a9547401a37,DEVELOPMENT_5K_NOT_FORMAL_10K,HELDOUT_TRIPLE_AUDIT,STRICT_LUMPED,f12d43eace12231077007dc497fee8dad00fbe58cb2f1fe2c6159c47636b97a0,q_proxy,Lp_nH,nH,NOT_AVAILABLE,0,20,220,,,0,,,,,,,NOT_ESTIMABLE,0,,,,,,,,,,,,
15,f15-5a9547401a37,DEVELOPMENT_5K_NOT_FORMAL_10K,HELDOUT_TRIPLE_AUDIT,STRICT_LUMPED,f12d43eace12231077007dc497fee8dad00fbe58cb2f1fe2c6159c47636b97a0,q_proxy,Ls_nH,nH,NOT_AVAILABLE,0,20,220,,,0,,,,,,,NOT_ESTIMABLE,0,,,,,,,,,,,,
15,f15-5a9547401a37,DEVELOPMENT_5K_NOT_FORMAL_10K,HELDOUT_TRIPLE_AUDIT,STRICT_LUMPED,f12d43eace12231077007dc497fee8dad00fbe58cb2f1fe2c6159c47636b97a0,q_proxy,Qmin,dimensionless,NOT_AVAILABLE,0,20,220,,,0,,,,,,,NOT_ESTIMABLE,0,,,,,,,,,,,,
15,f15-5a9547401a37,DEVELOPMENT_5K_NOT_FORMAL_10K,HELDOUT_TRIPLE_AUDIT,STRICT_LUMPED,f12d43eace12231077007dc497fee8dad00fbe58cb2f1fe2c6159c47636b97a0,q_proxy,K_abs,dimensionless,NOT_AVAILABLE,0,20,220,,,0,,,,,,,NOT_ESTIMABLE,0,,,,,,,,,,,,
15,f15-5a9547401a37,DEVELOPMENT_5K_NOT_FORMAL_10K,HELDOUT_TRIPLE_AUDIT,STRICT_LUMPED,f12d43eace12231077007dc497fee8dad00fbe58cb2f1fe2c6159c47636b97a0,q_emx,Lp_nH,nH,NOT_AVAILABLE,0,20,220,,,0,,,,,,,NOT_ESTIMABLE,0,,,,,,,,,,,,
15,f15-5a9547401a37,DEVELOPMENT_5K_NOT_FORMAL_10K,HELDOUT_TRIPLE_AUDIT,STRICT_LUMPED,f12d43eace12231077007dc497fee8dad00fbe58cb2f1fe2c6159c47636b97a0,q_emx,Ls_nH,nH,NOT_AVAILABLE,0,20,220,,,0,,,,,,,NOT_ESTIMABLE,0,,,,,,,,,,,,
15,f15-5a9547401a37,DEVELOPMENT_5K_NOT_FORMAL_10K,HELDOUT_TRIPLE_AUDIT,STRICT_LUMPED,f12d43eace12231077007dc497fee8dad00fbe58cb2f1fe2c6159c47636b97a0,q_emx,Qmin,dimensionless,NOT_AVAILABLE,0,20,220,,,0,,,,,,,NOT_ESTIMABLE,0,,,,,,,,,,,,
15,f15-5a9547401a37,DEVELOPMENT_5K_NOT_FORMAL_10K,HELDOUT_TRIPLE_AUDIT,STRICT_LUMPED,f12d43eace12231077007dc497fee8dad00fbe58cb2f1fe2c6159c47636b97a0,q_emx,K_abs,dimensionless,NOT_AVAILABLE,0,20,220,,,0,,,,,,,NOT_ESTIMABLE,0,,,,,,,,,,,,
5,f5-fac1f3ff42e4,FORMAL_10K,HELDOUT_TRIPLE_AUDIT,STRICT_LUMPED,f12d43eace12231077007dc497fee8dad00fbe58cb2f1fe2c6159c47636b97a0,fixed_q15,Lp_nH,nH,NOT_AVAILABLE,0,20,220,,,0,,,,,,,NOT_ESTIMABLE,0,,,,,,,,,,,,
5,f5-fac1f3ff42e4,FORMAL_10K,HELDOUT_TRIPLE_AUDIT,STRICT_LUMPED,f12d43eace12231077007dc497fee8dad00fbe58cb2f1fe2c6159c47636b97a0,fixed_q15,Ls_nH,nH,NOT_AVAILABLE,0,20,220,,,0,,,,,,,NOT_ESTIMABLE,0,,,,,,,,,,,,
5,f5-fac1f3ff42e4,FORMAL_10K,HELDOUT_TRIPLE_AUDIT,STRICT_LUMPED,f12d43eace12231077007dc497fee8dad00fbe58cb2f1fe2c6159c47636b97a0,fixed_q15,Qmin,dimensionless,NOT_AVAILABLE,0,20,220,,,0,,,,,,,NOT_ESTIMABLE,0,,,,,,,,,,,,
5,f5-fac1f3ff42e4,FORMAL_10K,HELDOUT_TRIPLE_AUDIT,STRICT_LUMPED,f12d43eace12231077007dc497fee8dad00fbe58cb2f1fe2c6159c47636b97a0,fixed_q15,K_abs,dimensionless,NOT_AVAILABLE,0,20,220,,,0,,,,,,,NOT_ESTIMABLE,0,,,,,,,,,,,,
5,f5-fac1f3ff42e4,FORMAL_10K,HELDOUT_TRIPLE_AUDIT,STRICT_LUMPED,f12d43eace12231077007dc497fee8dad00fbe58cb2f1fe2c6159c47636b97a0,q_proxy,Lp_nH,nH,NOT_AVAILABLE,0,20,220,,,0,,,,,,,NOT_ESTIMABLE,0,,,,,,,,,,,,
5,f5-fac1f3ff42e4,FORMAL_10K,HELDOUT_TRIPLE_AUDIT,STRICT_LUMPED,f12d43eace12231077007dc497fee8dad00fbe58cb2f1fe2c6159c47636b97a0,q_proxy,Ls_nH,nH,NOT_AVAILABLE,0,20,220,,,0,,,,,,,NOT_ESTIMABLE,0,,,,,,,,,,,,
5,f5-fac1f3ff42e4,FORMAL_10K,HELDOUT_TRIPLE_AUDIT,STRICT_LUMPED,f12d43eace12231077007dc497fee8dad00fbe58cb2f1fe2c6159c47636b97a0,q_proxy,Qmin,dimensionless,NOT_AVAILABLE,0,20,220,,,0,,,,,,,NOT_ESTIMABLE,0,,,,,,,,,,,,
5,f5-fac1f3ff42e4,FORMAL_10K,HELDOUT_TRIPLE_AUDIT,STRICT_LUMPED,f12d43eace12231077007dc497fee8dad00fbe58cb2f1fe2c6159c47636b97a0,q_proxy,K_abs,dimensionless,NOT_AVAILABLE,0,20,220,,,0,,,,,,,NOT_ESTIMABLE,0,,,,,,,,,,,,
5,f5-fac1f3ff42e4,FORMAL_10K,HELDOUT_TRIPLE_AUDIT,STRICT_LUMPED,f12d43eace12231077007dc497fee8dad00fbe58cb2f1fe2c6159c47636b97a0,q_emx,Lp_nH,nH,NOT_AVAILABLE,0,20,220,,,0,,,,,,,NOT_ESTIMABLE,0,,,,,,,,,,,,
5,f5-fac1f3ff42e4,FORMAL_10K,HELDOUT_TRIPLE_AUDIT,STRICT_LUMPED,f12d43eace12231077007dc497fee8dad00fbe58cb2f1fe2c6159c47636b97a0,q_emx,Ls_nH,nH,NOT_AVAILABLE,0,20,220,,,0,,,,,,,NOT_ESTIMABLE,0,,,,,,,,,,,,
5,f5-fac1f3ff42e4,FORMAL_10K,HELDOUT_TRIPLE_AUDIT,STRICT_LUMPED,f12d43eace12231077007dc497fee8dad00fbe58cb2f1fe2c6159c47636b97a0,q_emx,Qmin,dimensionless,NOT_AVAILABLE,0,20,220,,,0,,,,,,,NOT_ESTIMABLE,0,,,,,,,,,,,,
5,f5-fac1f3ff42e4,FORMAL_10K,HELDOUT_TRIPLE_AUDIT,STRICT_LUMPED,f12d43eace12231077007dc497fee8dad00fbe58cb2f1fe2c6159c47636b97a0,q_emx,K_abs,dimensionless,NOT_AVAILABLE,0,20,220,,,0,,,,,,,NOT_ESTIMABLE,0,,,,,,,,,,,,
10,f10-d26d41688df1,FORMAL_10K,HELDOUT_TRIPLE_AUDIT,STRICT_LUMPED,f12d43eace12231077007dc497fee8dad00fbe58cb2f1fe2c6159c47636b97a0,fixed_q15,Lp_nH,nH,NOT_AVAILABLE,0,20,220,,,0,,,,,,,NOT_ESTIMABLE,0,,,,,,,,,,,,
10,f10-d26d41688df1,FORMAL_10K,HELDOUT_TRIPLE_AUDIT,STRICT_LUMPED,f12d43eace12231077007dc497fee8dad00fbe58cb2f1fe2c6159c47636b97a0,fixed_q15,Ls_nH,nH,NOT_AVAILABLE,0,20,220,,,0,,,,,,,NOT_ESTIMABLE,0,,,,,,,,,,,,
10,f10-d26d41688df1,FORMAL_10K,HELDOUT_TRIPLE_AUDIT,STRICT_LUMPED,f12d43eace12231077007dc497fee8dad00fbe58cb2f1fe2c6159c47636b97a0,fixed_q15,Qmin,dimensionless,NOT_AVAILABLE,0,20,220,,,0,,,,,,,NOT_ESTIMABLE,0,,,,,,,,,,,,
10,f10-d26d41688df1,FORMAL_10K,HELDOUT_TRIPLE_AUDIT,STRICT_LUMPED,f12d43eace12231077007dc497fee8dad00fbe58cb2f1fe2c6159c47636b97a0,fixed_q15,K_abs,dimensionless,NOT_AVAILABLE,0,20,220,,,0,,,,,,,NOT_ESTIMABLE,0,,,,,,,,,,,,
10,f10-d26d41688df1,FORMAL_10K,HELDOUT_TRIPLE_AUDIT,STRICT_LUMPED,f12d43eace12231077007dc497fee8dad00fbe58cb2f1fe2c6159c47636b97a0,q_proxy,Lp_nH,nH,NOT_AVAILABLE,0,20,220,,,0,,,,,,,NOT_ESTIMABLE,0,,,,,,,,,,,,
10,f10-d26d41688df1,FORMAL_10K,HELDOUT_TRIPLE_AUDIT,STRICT_LUMPED,f12d43eace12231077007dc497fee8dad00fbe58cb2f1fe2c6159c47636b97a0,q_proxy,Ls_nH,nH,NOT_AVAILABLE,0,20,220,,,0,,,,,,,NOT_ESTIMABLE,0,,,,,,,,,,,,
10,f10-d26d41688df1,FORMAL_10K,HELDOUT_TRIPLE_AUDIT,STRICT_LUMPED,f12d43eace12231077007dc497fee8dad00fbe58cb2f1fe2c6159c47636b97a0,q_proxy,Qmin,dimensionless,NOT_AVAILABLE,0,20,220,,,0,,,,,,,NOT_ESTIMABLE,0,,,,,,,,,,,,
10,f10-d26d41688df1,FORMAL_10K,HELDOUT_TRIPLE_AUDIT,STRICT_LUMPED,f12d43eace12231077007dc497fee8dad00fbe58cb2f1fe2c6159c47636b97a0,q_proxy,K_abs,dimensionless,NOT_AVAILABLE,0,20,220,,,0,,,,,,,NOT_ESTIMABLE,0,,,,,,,,,,,,
10,f10-d26d41688df1,FORMAL_10K,HELDOUT_TRIPLE_AUDIT,STRICT_LUMPED,f12d43eace12231077007dc497fee8dad00fbe58cb2f1fe2c6159c47636b97a0,q_emx,Lp_nH,nH,NOT_AVAILABLE,0,20,220,,,0,,,,,,,NOT_ESTIMABLE,0,,,,,,,,,,,,
10,f10-d26d41688df1,FORMAL_10K,HELDOUT_TRIPLE_AUDIT,STRICT_LUMPED,f12d43eace12231077007dc497fee8dad00fbe58cb2f1fe2c6159c47636b97a0,q_emx,Ls_nH,nH,NOT_AVAILABLE,0,20,220,,,0,,,,,,,NOT_ESTIMABLE,0,,,,,,,,,,,,
10,f10-d26d41688df1,FORMAL_10K,HELDOUT_TRIPLE_AUDIT,STRICT_LUMPED,f12d43eace12231077007dc497fee8dad00fbe58cb2f1fe2c6159c47636b97a0,q_emx,Qmin,dimensionless,NOT_AVAILABLE,0,20,220,,,0,,,,,,,NOT_ESTIMABLE,0,,,,,,,,,,,,
10,f10-d26d41688df1,FORMAL_10K,HELDOUT_TRIPLE_AUDIT,STRICT_LUMPED,f12d43eace12231077007dc497fee8dad00fbe58cb2f1fe2c6159c47636b97a0,q_emx,K_abs,dimensionless,NOT_AVAILABLE,0,20,220,,,0,,,,,,,NOT_ESTIMABLE,0,,,,,,,,,,,,
20,f20-4d6b0c6066ee,FORMAL_10K,HELDOUT_TRIPLE_AUDIT,STRICT_LUMPED,f12d43eace12231077007dc497fee8dad00fbe58cb2f1fe2c6159c47636b97a0,fixed_q15,Lp_nH,nH,NOT_AVAILABLE,0,20,220,,,0,,,,,,,NOT_ESTIMABLE,0,,,,,,,,,,,,
20,f20-4d6b0c6066ee,FORMAL_10K,HELDOUT_TRIPLE_AUDIT,STRICT_LUMPED,f12d43eace12231077007dc497fee8dad00fbe58cb2f1fe2c6159c47636b97a0,fixed_q15,Ls_nH,nH,NOT_AVAILABLE,0,20,220,,,0,,,,,,,NOT_ESTIMABLE,0,,,,,,,,,,,,
20,f20-4d6b0c6066ee,FORMAL_10K,HELDOUT_TRIPLE_AUDIT,STRICT_LUMPED,f12d43eace12231077007dc497fee8dad00fbe58cb2f1fe2c6159c47636b97a0,fixed_q15,Qmin,dimensionless,NOT_AVAILABLE,0,20,220,,,0,,,,,,,NOT_ESTIMABLE,0,,,,,,,,,,,,
20,f20-4d6b0c6066ee,FORMAL_10K,HELDOUT_TRIPLE_AUDIT,STRICT_LUMPED,f12d43eace12231077007dc497fee8dad00fbe58cb2f1fe2c6159c47636b97a0,fixed_q15,K_abs,dimensionless,NOT_AVAILABLE,0,20,220,,,0,,,,,,,NOT_ESTIMABLE,0,,,,,,,,,,,,
20,f20-4d6b0c6066ee,FORMAL_10K,HELDOUT_TRIPLE_AUDIT,STRICT_LUMPED,f12d43eace12231077007dc497fee8dad00fbe58cb2f1fe2c6159c47636b97a0,q_proxy,Lp_nH,nH,NOT_AVAILABLE,0,20,220,,,0,,,,,,,NOT_ESTIMABLE,0,,,,,,,,,,,,
20,f20-4d6b0c6066ee,FORMAL_10K,HELDOUT_TRIPLE_AUDIT,STRICT_LUMPED,f12d43eace12231077007dc497fee8dad00fbe58cb2f1fe2c6159c47636b97a0,q_proxy,Ls_nH,nH,NOT_AVAILABLE,0,20,220,,,0,,,,,,,NOT_ESTIMABLE,0,,,,,,,,,,,,
20,f20-4d6b0c6066ee,FORMAL_10K,HELDOUT_TRIPLE_AUDIT,STRICT_LUMPED,f12d43eace12231077007dc497fee8dad00fbe58cb2f1fe2c6159c47636b97a0,q_proxy,Qmin,dimensionless,NOT_AVAILABLE,0,20,220,,,0,,,,,,,NOT_ESTIMABLE,0,,,,,,,,,,,,
20,f20-4d6b0c6066ee,FORMAL_10K,HELDOUT_TRIPLE_AUDIT,STRICT_LUMPED,f12d43eace12231077007dc497fee8dad00fbe58cb2f1fe2c6159c47636b97a0,q_proxy,K_abs,dimensionless,NOT_AVAILABLE,0,20,220,,,0,,,,,,,NOT_ESTIMABLE,0,,,,,,,,,,,,
20,f20-4d6b0c6066ee,FORMAL_10K,HELDOUT_TRIPLE_AUDIT,STRICT_LUMPED,f12d43eace12231077007dc497fee8dad00fbe58cb2f1fe2c6159c47636b97a0,q_emx,Lp_nH,nH,NOT_AVAILABLE,0,20,220,,,0,,,,,,,NOT_ESTIMABLE,0,,,,,,,,,,,,
20,f20-4d6b0c6066ee,FORMAL_10K,HELDOUT_TRIPLE_AUDIT,STRICT_LUMPED,f12d43eace12231077007dc497fee8dad00fbe58cb2f1fe2c6159c47636b97a0,q_emx,Ls_nH,nH,NOT_AVAILABLE,0,20,220,,,0,,,,,,,NOT_ESTIMABLE,0,,,,,,,,,,,,
20,f20-4d6b0c6066ee,FORMAL_10K,HELDOUT_TRIPLE_AUDIT,STRICT_LUMPED,f12d43eace12231077007dc497fee8dad00fbe58cb2f1fe2c6159c47636b97a0,q_emx,Qmin,dimensionless,NOT_AVAILABLE,0,20,220,,,0,,,,,,,NOT_ESTIMABLE,0,,,,,,,,,,,,
20,f20-4d6b0c6066ee,FORMAL_10K,HELDOUT_TRIPLE_AUDIT,STRICT_LUMPED,f12d43eace12231077007dc497fee8dad00fbe58cb2f1fe2c6159c47636b97a0,q_emx,K_abs,dimensionless,NOT_AVAILABLE,0,20,220,,,0,,,,,,,NOT_ESTIMABLE,0,,,,,,,,,,,,
6,f6-ba844c981dd6,FORMAL_10K,HELDOUT_TRIPLE_AUDIT,STRICT_LUMPED,f12d43eace12231077007dc497fee8dad00fbe58cb2f1fe2c6159c47636b97a0,fixed_q15,Lp_nH,nH,NOT_AVAILABLE,0,20,220,,,0,,,,,,,NOT_ESTIMABLE,0,,,,,,,,,,,,
6,f6-ba844c981dd6,FORMAL_10K,HELDOUT_TRIPLE_AUDIT,STRICT_LUMPED,f12d43eace12231077007dc497fee8dad00fbe58cb2f1fe2c6159c47636b97a0,fixed_q15,Ls_nH,nH,NOT_AVAILABLE,0,20,220,,,0,,,,,,,NOT_ESTIMABLE,0,,,,,,,,,,,,
6,f6-ba844c981dd6,FORMAL_10K,HELDOUT_TRIPLE_AUDIT,STRICT_LUMPED,f12d43eace12231077007dc497fee8dad00fbe58cb2f1fe2c6159c47636b97a0,fixed_q15,Qmin,dimensionless,NOT_AVAILABLE,0,20,220,,,0,,,,,,,NOT_ESTIMABLE,0,,,,,,,,,,,,
6,f6-ba844c981dd6,FORMAL_10K,HELDOUT_TRIPLE_AUDIT,STRICT_LUMPED,f12d43eace12231077007dc497fee8dad00fbe58cb2f1fe2c6159c47636b97a0,fixed_q15,K_abs,dimensionless,NOT_AVAILABLE,0,20,220,,,0,,,,,,,NOT_ESTIMABLE,0,,,,,,,,,,,,
6,f6-ba844c981dd6,FORMAL_10K,HELDOUT_TRIPLE_AUDIT,STRICT_LUMPED,f12d43eace12231077007dc497fee8dad00fbe58cb2f1fe2c6159c47636b97a0,q_proxy,Lp_nH,nH,NOT_AVAILABLE,0,20,220,,,0,,,,,,,NOT_ESTIMABLE,0,,,,,,,,,,,,
6,f6-ba844c981dd6,FORMAL_10K,HELDOUT_TRIPLE_AUDIT,STRICT_LUMPED,f12d43eace12231077007dc497fee8dad00fbe58cb2f1fe2c6159c47636b97a0,q_proxy,Ls_nH,nH,NOT_AVAILABLE,0,20,220,,,0,,,,,,,NOT_ESTIMABLE,0,,,,,,,,,,,,
6,f6-ba844c981dd6,FORMAL_10K,HELDOUT_TRIPLE_AUDIT,STRICT_LUMPED,f12d43eace12231077007dc497fee8dad00fbe58cb2f1fe2c6159c47636b97a0,q_proxy,Qmin,dimensionless,NOT_AVAILABLE,0,20,220,,,0,,,,,,,NOT_ESTIMABLE,0,,,,,,,,,,,,
6,f6-ba844c981dd6,FORMAL_10K,HELDOUT_TRIPLE_AUDIT,STRICT_LUMPED,f12d43eace12231077007dc497fee8dad00fbe58cb2f1fe2c6159c47636b97a0,q_proxy,K_abs,dimensionless,NOT_AVAILABLE,0,20,220,,,0,,,,,,,NOT_ESTIMABLE,0,,,,,,,,,,,,
6,f6-ba844c981dd6,FORMAL_10K,HELDOUT_TRIPLE_AUDIT,STRICT_LUMPED,f12d43eace12231077007dc497fee8dad00fbe58cb2f1fe2c6159c47636b97a0,q_emx,Lp_nH,nH,NOT_AVAILABLE,0,20,220,,,0,,,,,,,NOT_ESTIMABLE,0,,,,,,,,,,,,
6,f6-ba844c981dd6,FORMAL_10K,HELDOUT_TRIPLE_AUDIT,STRICT_LUMPED,f12d43eace12231077007dc497fee8dad00fbe58cb2f1fe2c6159c47636b97a0,q_emx,Ls_nH,nH,NOT_AVAILABLE,0,20,220,,,0,,,,,,,NOT_ESTIMABLE,0,,,,,,,,,,,,
6,f6-ba844c981dd6,FORMAL_10K,HELDOUT_TRIPLE_AUDIT,STRICT_LUMPED,f12d43eace12231077007dc497fee8dad00fbe58cb2f1fe2c6159c47636b97a0,q_emx,Qmin,dimensionless,NOT_AVAILABLE,0,20,220,,,0,,,,,,,NOT_ESTIMABLE,0,,,,,,,,,,,,
6,f6-ba844c981dd6,FORMAL_10K,HELDOUT_TRIPLE_AUDIT,STRICT_LUMPED,f12d43eace12231077007dc497fee8dad00fbe58cb2f1fe2c6159c47636b97a0,q_emx,K_abs,dimensionless,NOT_AVAILABLE,0,20,220,,,0,,,,,,,NOT_ESTIMABLE,0,,,,,,,,,,,,
7,f7-d0ffa9b31525,FORMAL_10K,HELDOUT_TRIPLE_AUDIT,STRICT_LUMPED,f12d43eace12231077007dc497fee8dad00fbe58cb2f1fe2c6159c47636b97a0,fixed_q15,Lp_nH,nH,NOT_AVAILABLE,0,20,220,,,0,,,,,,,NOT_ESTIMABLE,0,,,,,,,,,,,,
7,f7-d0ffa9b31525,FORMAL_10K,HELDOUT_TRIPLE_AUDIT,STRICT_LUMPED,f12d43eace12231077007dc497fee8dad00fbe58cb2f1fe2c6159c47636b97a0,fixed_q15,Ls_nH,nH,NOT_AVAILABLE,0,20,220,,,0,,,,,,,NOT_ESTIMABLE,0,,,,,,,,,,,,
7,f7-d0ffa9b31525,FORMAL_10K,HELDOUT_TRIPLE_AUDIT,STRICT_LUMPED,f12d43eace12231077007dc497fee8dad00fbe58cb2f1fe2c6159c47636b97a0,fixed_q15,Qmin,dimensionless,NOT_AVAILABLE,0,20,220,,,0,,,,,,,NOT_ESTIMABLE,0,,,,,,,,,,,,
7,f7-d0ffa9b31525,FORMAL_10K,HELDOUT_TRIPLE_AUDIT,STRICT_LUMPED,f12d43eace12231077007dc497fee8dad00fbe58cb2f1fe2c6159c47636b97a0,fixed_q15,K_abs,dimensionless,NOT_AVAILABLE,0,20,220,,,0,,,,,,,NOT_ESTIMABLE,0,,,,,,,,,,,,
7,f7-d0ffa9b31525,FORMAL_10K,HELDOUT_TRIPLE_AUDIT,STRICT_LUMPED,f12d43eace12231077007dc497fee8dad00fbe58cb2f1fe2c6159c47636b97a0,q_proxy,Lp_nH,nH,NOT_AVAILABLE,0,20,220,,,0,,,,,,,NOT_ESTIMABLE,0,,,,,,,,,,,,
7,f7-d0ffa9b31525,FORMAL_10K,HELDOUT_TRIPLE_AUDIT,STRICT_LUMPED,f12d43eace12231077007dc497fee8dad00fbe58cb2f1fe2c6159c47636b97a0,q_proxy,Ls_nH,nH,NOT_AVAILABLE,0,20,220,,,0,,,,,,,NOT_ESTIMABLE,0,,,,,,,,,,,,
7,f7-d0ffa9b31525,FORMAL_10K,HELDOUT_TRIPLE_AUDIT,STRICT_LUMPED,f12d43eace12231077007dc497fee8dad00fbe58cb2f1fe2c6159c47636b97a0,q_proxy,Qmin,dimensionless,NOT_AVAILABLE,0,20,220,,,0,,,,,,,NOT_ESTIMABLE,0,,,,,,,,,,,,
7,f7-d0ffa9b31525,FORMAL_10K,HELDOUT_TRIPLE_AUDIT,STRICT_LUMPED,f12d43eace12231077007dc497fee8dad00fbe58cb2f1fe2c6159c47636b97a0,q_proxy,K_abs,dimensionless,NOT_AVAILABLE,0,20,220,,,0,,,,,,,NOT_ESTIMABLE,0,,,,,,,,,,,,
7,f7-d0ffa9b31525,FORMAL_10K,HELDOUT_TRIPLE_AUDIT,STRICT_LUMPED,f12d43eace12231077007dc497fee8dad00fbe58cb2f1fe2c6159c47636b97a0,q_emx,Lp_nH,nH,NOT_AVAILABLE,0,20,220,,,0,,,,,,,NOT_ESTIMABLE,0,,,,,,,,,,,,
7,f7-d0ffa9b31525,FORMAL_10K,HELDOUT_TRIPLE_AUDIT,STRICT_LUMPED,f12d43eace12231077007dc497fee8dad00fbe58cb2f1fe2c6159c47636b97a0,q_emx,Ls_nH,nH,NOT_AVAILABLE,0,20,220,,,0,,,,,,,NOT_ESTIMABLE,0,,,,,,,,,,,,
7,f7-d0ffa9b31525,FORMAL_10K,HELDOUT_TRIPLE_AUDIT,STRICT_LUMPED,f12d43eace12231077007dc497fee8dad00fbe58cb2f1fe2c6159c47636b97a0,q_emx,Qmin,dimensionless,NOT_AVAILABLE,0,20,220,,,0,,,,,,,NOT_ESTIMABLE,0,,,,,,,,,,,,
7,f7-d0ffa9b31525,FORMAL_10K,HELDOUT_TRIPLE_AUDIT,STRICT_LUMPED,f12d43eace12231077007dc497fee8dad00fbe58cb2f1fe2c6159c47636b97a0,q_emx,K_abs,dimensionless,NOT_AVAILABLE,0,20,220,,,0,,,,,,,NOT_ESTIMABLE,0,,,,,,,,,,,,
8,f8-dc2e68a2a478,FORMAL_10K,HELDOUT_TRIPLE_AUDIT,STRICT_LUMPED,f12d43eace12231077007dc497fee8dad00fbe58cb2f1fe2c6159c47636b97a0,fixed_q15,Lp_nH,nH,NOT_AVAILABLE,0,20,220,,,0,,,,,,,NOT_ESTIMABLE,0,,,,,,,,,,,,
8,f8-dc2e68a2a478,FORMAL_10K,HELDOUT_TRIPLE_AUDIT,STRICT_LUMPED,f12d43eace12231077007dc497fee8dad00fbe58cb2f1fe2c6159c47636b97a0,fixed_q15,Ls_nH,nH,NOT_AVAILABLE,0,20,220,,,0,,,,,,,NOT_ESTIMABLE,0,,,,,,,,,,,,
8,f8-dc2e68a2a478,FORMAL_10K,HELDOUT_TRIPLE_AUDIT,STRICT_LUMPED,f12d43eace12231077007dc497fee8dad00fbe58cb2f1fe2c6159c47636b97a0,fixed_q15,Qmin,dimensionless,NOT_AVAILABLE,0,20,220,,,0,,,,,,,NOT_ESTIMABLE,0,,,,,,,,,,,,
8,f8-dc2e68a2a478,FORMAL_10K,HELDOUT_TRIPLE_AUDIT,STRICT_LUMPED,f12d43eace12231077007dc497fee8dad00fbe58cb2f1fe2c6159c47636b97a0,fixed_q15,K_abs,dimensionless,NOT_AVAILABLE,0,20,220,,,0,,,,,,,NOT_ESTIMABLE,0,,,,,,,,,,,,
8,f8-dc2e68a2a478,FORMAL_10K,HELDOUT_TRIPLE_AUDIT,STRICT_LUMPED,f12d43eace12231077007dc497fee8dad00fbe58cb2f1fe2c6159c47636b97a0,q_proxy,Lp_nH,nH,NOT_AVAILABLE,0,20,220,,,0,,,,,,,NOT_ESTIMABLE,0,,,,,,,,,,,,
8,f8-dc2e68a2a478,FORMAL_10K,HELDOUT_TRIPLE_AUDIT,STRICT_LUMPED,f12d43eace12231077007dc497fee8dad00fbe58cb2f1fe2c6159c47636b97a0,q_proxy,Ls_nH,nH,NOT_AVAILABLE,0,20,220,,,0,,,,,,,NOT_ESTIMABLE,0,,,,,,,,,,,,
8,f8-dc2e68a2a478,FORMAL_10K,HELDOUT_TRIPLE_AUDIT,STRICT_LUMPED,f12d43eace12231077007dc497fee8dad00fbe58cb2f1fe2c6159c47636b97a0,q_proxy,Qmin,dimensionless,NOT_AVAILABLE,0,20,220,,,0,,,,,,,NOT_ESTIMABLE,0,,,,,,,,,,,,
8,f8-dc2e68a2a478,FORMAL_10K,HELDOUT_TRIPLE_AUDIT,STRICT_LUMPED,f12d43eace12231077007dc497fee8dad00fbe58cb2f1fe2c6159c47636b97a0,q_proxy,K_abs,dimensionless,NOT_AVAILABLE,0,20,220,,,0,,,,,,,NOT_ESTIMABLE,0,,,,,,,,,,,,
8,f8-dc2e68a2a478,FORMAL_10K,HELDOUT_TRIPLE_AUDIT,STRICT_LUMPED,f12d43eace12231077007dc497fee8dad00fbe58cb2f1fe2c6159c47636b97a0,q_emx,Lp_nH,nH,NOT_AVAILABLE,0,20,220,,,0,,,,,,,NOT_ESTIMABLE,0,,,,,,,,,,,,
8,f8-dc2e68a2a478,FORMAL_10K,HELDOUT_TRIPLE_AUDIT,STRICT_LUMPED,f12d43eace12231077007dc497fee8dad00fbe58cb2f1fe2c6159c47636b97a0,q_emx,Ls_nH,nH,NOT_AVAILABLE,0,20,220,,,0,,,,,,,NOT_ESTIMABLE,0,,,,,,,,,,,,
8,f8-dc2e68a2a478,FORMAL_10K,HELDOUT_TRIPLE_AUDIT,STRICT_LUMPED,f12d43eace12231077007dc497fee8dad00fbe58cb2f1fe2c6159c47636b97a0,q_emx,Qmin,dimensionless,NOT_AVAILABLE,0,20,220,,,0,,,,,,,NOT_ESTIMABLE,0,,,,,,,,,,,,
8,f8-dc2e68a2a478,FORMAL_10K,HELDOUT_TRIPLE_AUDIT,STRICT_LUMPED,f12d43eace12231077007dc497fee8dad00fbe58cb2f1fe2c6159c47636b97a0,q_emx,K_abs,dimensionless,NOT_AVAILABLE,0,20,220,,,0,,,,,,,NOT_ESTIMABLE,0,,,,,,,,,,,,
9,f9-0cd8cd2dd857,FORMAL_10K,HELDOUT_TRIPLE_AUDIT,STRICT_LUMPED,f12d43eace12231077007dc497fee8dad00fbe58cb2f1fe2c6159c47636b97a0,fixed_q15,Lp_nH,nH,AVAILABLE_DESCRIPTIVE,1,20,220,1,0.010240185378121533,1,0.015520777374835815,0.015520777374835815,-0.015520777374835815,0.015520777374835815,0.015520777374835815,0.015520777374835815,NOT_ESTIMABLE,1,,,,,,,,,,,,
9,f9-0cd8cd2dd857,FORMAL_10K,HELDOUT_TRIPLE_AUDIT,STRICT_LUMPED,f12d43eace12231077007dc497fee8dad00fbe58cb2f1fe2c6159c47636b97a0,fixed_q15,Ls_nH,nH,AVAILABLE_DESCRIPTIVE,1,20,220,1,0.010240185378121533,1,0.001100258015971467,0.001100258015971467,0.001100258015971467,0.001100258015971467,0.001100258015971467,0.001100258015971467,NOT_ESTIMABLE,1,,,,,,,,,,,,
9,f9-0cd8cd2dd857,FORMAL_10K,HELDOUT_TRIPLE_AUDIT,STRICT_LUMPED,f12d43eace12231077007dc497fee8dad00fbe58cb2f1fe2c6159c47636b97a0,fixed_q15,Qmin,dimensionless,AVAILABLE_DESCRIPTIVE,1,20,220,1,0.010240185378121533,1,0.388203931361657,0.388203931361657,-0.388203931361657,0.388203931361657,0.388203931361657,0.388203931361657,NOT_ESTIMABLE,1,,,,,,,,,,,,
9,f9-0cd8cd2dd857,FORMAL_10K,HELDOUT_TRIPLE_AUDIT,STRICT_LUMPED,f12d43eace12231077007dc497fee8dad00fbe58cb2f1fe2c6159c47636b97a0,fixed_q15,K_abs,dimensionless,AVAILABLE_DESCRIPTIVE,1,20,220,1,0.010240185378121533,1,0.0015905802349005516,0.0015905802349005516,-0.0015905802349005516,0.0015905802349005516,0.0015905802349005516,0.0015905802349005516,NOT_ESTIMABLE,1,,,,,,,,,,,,
9,f9-0cd8cd2dd857,FORMAL_10K,HELDOUT_TRIPLE_AUDIT,STRICT_LUMPED,f12d43eace12231077007dc497fee8dad00fbe58cb2f1fe2c6159c47636b97a0,q_proxy,Lp_nH,nH,AVAILABLE_DESCRIPTIVE,1,20,220,1,0.00229060864405484,1,0.001758730489963778,0.001758730489963778,0.001758730489963778,0.001758730489963778,0.001758730489963778,0.001758730489963778,NOT_ESTIMABLE,1,,,,,,,,,,,,
9,f9-0cd8cd2dd857,FORMAL_10K,HELDOUT_TRIPLE_AUDIT,STRICT_LUMPED,f12d43eace12231077007dc497fee8dad00fbe58cb2f1fe2c6159c47636b97a0,q_proxy,Ls_nH,nH,AVAILABLE_DESCRIPTIVE,1,20,220,1,0.00229060864405484,1,0.005798703680205408,0.005798703680205408,-0.005798703680205408,0.005798703680205408,0.005798703680205408,0.005798703680205408,NOT_ESTIMABLE,1,,,,,,,,,,,,
9,f9-0cd8cd2dd857,FORMAL_10K,HELDOUT_TRIPLE_AUDIT,STRICT_LUMPED,f12d43eace12231077007dc497fee8dad00fbe58cb2f1fe2c6159c47636b97a0,q_proxy,Qmin,dimensionless,AVAILABLE_DESCRIPTIVE,1,20,220,1,0.00229060864405484,1,0.03707209339751216,0.03707209339751216,0.03707209339751216,0.03707209339751216,0.03707209339751216,0.03707209339751216,NOT_ESTIMABLE,1,,,,,,,,,,,,
9,f9-0cd8cd2dd857,FORMAL_10K,HELDOUT_TRIPLE_AUDIT,STRICT_LUMPED,f12d43eace12231077007dc497fee8dad00fbe58cb2f1fe2c6159c47636b97a0,q_proxy,K_abs,dimensionless,AVAILABLE_DESCRIPTIVE,1,20,220,1,0.00229060864405484,1,0.002733707343464009,0.002733707343464009,-0.002733707343464009,0.002733707343464009,0.002733707343464009,0.002733707343464009,NOT_ESTIMABLE,1,,,,,,,,,,,,
9,f9-0cd8cd2dd857,FORMAL_10K,HELDOUT_TRIPLE_AUDIT,STRICT_LUMPED,f12d43eace12231077007dc497fee8dad00fbe58cb2f1fe2c6159c47636b97a0,q_emx,Lp_nH,nH,AVAILABLE_DESCRIPTIVE,1,20,220,1,0.00229060864405484,1,0.001758730489963778,0.001758730489963778,0.001758730489963778,0.001758730489963778,0.001758730489963778,0.001758730489963778,NOT_ESTIMABLE,1,,,,,,,,,,,,
9,f9-0cd8cd2dd857,FORMAL_10K,HELDOUT_TRIPLE_AUDIT,STRICT_LUMPED,f12d43eace12231077007dc497fee8dad00fbe58cb2f1fe2c6159c47636b97a0,q_emx,Ls_nH,nH,AVAILABLE_DESCRIPTIVE,1,20,220,1,0.00229060864405484,1,0.005798703680205408,0.005798703680205408,-0.005798703680205408,0.005798703680205408,0.005798703680205408,0.005798703680205408,NOT_ESTIMABLE,1,,,,,,,,,,,,
9,f9-0cd8cd2dd857,FORMAL_10K,HELDOUT_TRIPLE_AUDIT,STRICT_LUMPED,f12d43eace12231077007dc497fee8dad00fbe58cb2f1fe2c6159c47636b97a0,q_emx,Qmin,dimensionless,AVAILABLE_DESCRIPTIVE,1,20,220,1,0.00229060864405484,1,0.03707209339751216,0.03707209339751216,0.03707209339751216,0.03707209339751216,0.03707209339751216,0.03707209339751216,NOT_ESTIMABLE,1,,,,,,,,,,,,
9,f9-0cd8cd2dd857,FORMAL_10K,HELDOUT_TRIPLE_AUDIT,STRICT_LUMPED,f12d43eace12231077007dc497fee8dad00fbe58cb2f1fe2c6159c47636b97a0,q_emx,K_abs,dimensionless,AVAILABLE_DESCRIPTIVE,1,20,220,1,0.00229060864405484,1,0.002733707343464009,0.002733707343464009,-0.002733707343464009,0.002733707343464009,0.002733707343464009,0.002733707343464009,NOT_ESTIMABLE,1,,,,,,,,,,,,
11,f11-07165966aa39,FORMAL_10K,HELDOUT_TRIPLE_AUDIT,STRICT_LUMPED,f12d43eace12231077007dc497fee8dad00fbe58cb2f1fe2c6159c47636b97a0,fixed_q15,Lp_nH,nH,NOT_AVAILABLE,0,20,220,,,0,,,,,,,NOT_ESTIMABLE,0,,,,,,,,,,,,
11,f11-07165966aa39,FORMAL_10K,HELDOUT_TRIPLE_AUDIT,STRICT_LUMPED,f12d43eace12231077007dc497fee8dad00fbe58cb2f1fe2c6159c47636b97a0,fixed_q15,Ls_nH,nH,NOT_AVAILABLE,0,20,220,,,0,,,,,,,NOT_ESTIMABLE,0,,,,,,,,,,,,
11,f11-07165966aa39,FORMAL_10K,HELDOUT_TRIPLE_AUDIT,STRICT_LUMPED,f12d43eace12231077007dc497fee8dad00fbe58cb2f1fe2c6159c47636b97a0,fixed_q15,Qmin,dimensionless,NOT_AVAILABLE,0,20,220,,,0,,,,,,,NOT_ESTIMABLE,0,,,,,,,,,,,,
11,f11-07165966aa39,FORMAL_10K,HELDOUT_TRIPLE_AUDIT,STRICT_LUMPED,f12d43eace12231077007dc497fee8dad00fbe58cb2f1fe2c6159c47636b97a0,fixed_q15,K_abs,dimensionless,NOT_AVAILABLE,0,20,220,,,0,,,,,,,NOT_ESTIMABLE,0,,,,,,,,,,,,
11,f11-07165966aa39,FORMAL_10K,HELDOUT_TRIPLE_AUDIT,STRICT_LUMPED,f12d43eace12231077007dc497fee8dad00fbe58cb2f1fe2c6159c47636b97a0,q_proxy,Lp_nH,nH,NOT_AVAILABLE,0,20,220,,,0,,,,,,,NOT_ESTIMABLE,0,,,,,,,,,,,,
11,f11-07165966aa39,FORMAL_10K,HELDOUT_TRIPLE_AUDIT,STRICT_LUMPED,f12d43eace12231077007dc497fee8dad00fbe58cb2f1fe2c6159c47636b97a0,q_proxy,Ls_nH,nH,NOT_AVAILABLE,0,20,220,,,0,,,,,,,NOT_ESTIMABLE,0,,,,,,,,,,,,
11,f11-07165966aa39,FORMAL_10K,HELDOUT_TRIPLE_AUDIT,STRICT_LUMPED,f12d43eace12231077007dc497fee8dad00fbe58cb2f1fe2c6159c47636b97a0,q_proxy,Qmin,dimensionless,NOT_AVAILABLE,0,20,220,,,0,,,,,,,NOT_ESTIMABLE,0,,,,,,,,,,,,
11,f11-07165966aa39,FORMAL_10K,HELDOUT_TRIPLE_AUDIT,STRICT_LUMPED,f12d43eace12231077007dc497fee8dad00fbe58cb2f1fe2c6159c47636b97a0,q_proxy,K_abs,dimensionless,NOT_AVAILABLE,0,20,220,,,0,,,,,,,NOT_ESTIMABLE,0,,,,,,,,,,,,
11,f11-07165966aa39,FORMAL_10K,HELDOUT_TRIPLE_AUDIT,STRICT_LUMPED,f12d43eace12231077007dc497fee8dad00fbe58cb2f1fe2c6159c47636b97a0,q_emx,Lp_nH,nH,NOT_AVAILABLE,0,20,220,,,0,,,,,,,NOT_ESTIMABLE,0,,,,,,,,,,,,
11,f11-07165966aa39,FORMAL_10K,HELDOUT_TRIPLE_AUDIT,STRICT_LUMPED,f12d43eace12231077007dc497fee8dad00fbe58cb2f1fe2c6159c47636b97a0,q_emx,Ls_nH,nH,NOT_AVAILABLE,0,20,220,,,0,,,,,,,NOT_ESTIMABLE,0,,,,,,,,,,,,
11,f11-07165966aa39,FORMAL_10K,HELDOUT_TRIPLE_AUDIT,STRICT_LUMPED,f12d43eace12231077007dc497fee8dad00fbe58cb2f1fe2c6159c47636b97a0,q_emx,Qmin,dimensionless,NOT_AVAILABLE,0,20,220,,,0,,,,,,,NOT_ESTIMABLE,0,,,,,,,,,,,,
11,f11-07165966aa39,FORMAL_10K,HELDOUT_TRIPLE_AUDIT,STRICT_LUMPED,f12d43eace12231077007dc497fee8dad00fbe58cb2f1fe2c6159c47636b97a0,q_emx,K_abs,dimensionless,NOT_AVAILABLE,0,20,220,,,0,,,,,,,NOT_ESTIMABLE,0,,,,,,,,,,,,
12,f12-bbbcad303b3e,FORMAL_10K,HELDOUT_TRIPLE_AUDIT,STRICT_LUMPED,f12d43eace12231077007dc497fee8dad00fbe58cb2f1fe2c6159c47636b97a0,fixed_q15,Lp_nH,nH,NOT_AVAILABLE,0,20,220,,,0,,,,,,,NOT_ESTIMABLE,0,,,,,,,,,,,,
12,f12-bbbcad303b3e,FORMAL_10K,HELDOUT_TRIPLE_AUDIT,STRICT_LUMPED,f12d43eace12231077007dc497fee8dad00fbe58cb2f1fe2c6159c47636b97a0,fixed_q15,Ls_nH,nH,NOT_AVAILABLE,0,20,220,,,0,,,,,,,NOT_ESTIMABLE,0,,,,,,,,,,,,
12,f12-bbbcad303b3e,FORMAL_10K,HELDOUT_TRIPLE_AUDIT,STRICT_LUMPED,f12d43eace12231077007dc497fee8dad00fbe58cb2f1fe2c6159c47636b97a0,fixed_q15,Qmin,dimensionless,NOT_AVAILABLE,0,20,220,,,0,,,,,,,NOT_ESTIMABLE,0,,,,,,,,,,,,
12,f12-bbbcad303b3e,FORMAL_10K,HELDOUT_TRIPLE_AUDIT,STRICT_LUMPED,f12d43eace12231077007dc497fee8dad00fbe58cb2f1fe2c6159c47636b97a0,fixed_q15,K_abs,dimensionless,NOT_AVAILABLE,0,20,220,,,0,,,,,,,NOT_ESTIMABLE,0,,,,,,,,,,,,
12,f12-bbbcad303b3e,FORMAL_10K,HELDOUT_TRIPLE_AUDIT,STRICT_LUMPED,f12d43eace12231077007dc497fee8dad00fbe58cb2f1fe2c6159c47636b97a0,q_proxy,Lp_nH,nH,NOT_AVAILABLE,0,20,220,,,0,,,,,,,NOT_ESTIMABLE,0,,,,,,,,,,,,
12,f12-bbbcad303b3e,FORMAL_10K,HELDOUT_TRIPLE_AUDIT,STRICT_LUMPED,f12d43eace12231077007dc497fee8dad00fbe58cb2f1fe2c6159c47636b97a0,q_proxy,Ls_nH,nH,NOT_AVAILABLE,0,20,220,,,0,,,,,,,NOT_ESTIMABLE,0,,,,,,,,,,,,
12,f12-bbbcad303b3e,FORMAL_10K,HELDOUT_TRIPLE_AUDIT,STRICT_LUMPED,f12d43eace12231077007dc497fee8dad00fbe58cb2f1fe2c6159c47636b97a0,q_proxy,Qmin,dimensionless,NOT_AVAILABLE,0,20,220,,,0,,,,,,,NOT_ESTIMABLE,0,,,,,,,,,,,,
12,f12-bbbcad303b3e,FORMAL_10K,HELDOUT_TRIPLE_AUDIT,STRICT_LUMPED,f12d43eace12231077007dc497fee8dad00fbe58cb2f1fe2c6159c47636b97a0,q_proxy,K_abs,dimensionless,NOT_AVAILABLE,0,20,220,,,0,,,,,,,NOT_ESTIMABLE,0,,,,,,,,,,,,
12,f12-bbbcad303b3e,FORMAL_10K,HELDOUT_TRIPLE_AUDIT,STRICT_LUMPED,f12d43eace12231077007dc497fee8dad00fbe58cb2f1fe2c6159c47636b97a0,q_emx,Lp_nH,nH,NOT_AVAILABLE,0,20,220,,,0,,,,,,,NOT_ESTIMABLE,0,,,,,,,,,,,,
12,f12-bbbcad303b3e,FORMAL_10K,HELDOUT_TRIPLE_AUDIT,STRICT_LUMPED,f12d43eace12231077007dc497fee8dad00fbe58cb2f1fe2c6159c47636b97a0,q_emx,Ls_nH,nH,NOT_AVAILABLE,0,20,220,,,0,,,,,,,NOT_ESTIMABLE,0,,,,,,,,,,,,
12,f12-bbbcad303b3e,FORMAL_10K,HELDOUT_TRIPLE_AUDIT,STRICT_LUMPED,f12d43eace12231077007dc497fee8dad00fbe58cb2f1fe2c6159c47636b97a0,q_emx,Qmin,dimensionless,NOT_AVAILABLE,0,20,220,,,0,,,,,,,NOT_ESTIMABLE,0,,,,,,,,,,,,
12,f12-bbbcad303b3e,FORMAL_10K,HELDOUT_TRIPLE_AUDIT,STRICT_LUMPED,f12d43eace12231077007dc497fee8dad00fbe58cb2f1fe2c6159c47636b97a0,q_emx,K_abs,dimensionless,NOT_AVAILABLE,0,20,220,,,0,,,,,,,NOT_ESTIMABLE,0,,,,,,,,,,,,
13,f13-940260e5c34c,FORMAL_10K,HELDOUT_TRIPLE_AUDIT,STRICT_LUMPED,f12d43eace12231077007dc497fee8dad00fbe58cb2f1fe2c6159c47636b97a0,fixed_q15,Lp_nH,nH,NOT_AVAILABLE,0,20,220,,,0,,,,,,,NOT_ESTIMABLE,0,,,,,,,,,,,,
13,f13-940260e5c34c,FORMAL_10K,HELDOUT_TRIPLE_AUDIT,STRICT_LUMPED,f12d43eace12231077007dc497fee8dad00fbe58cb2f1fe2c6159c47636b97a0,fixed_q15,Ls_nH,nH,NOT_AVAILABLE,0,20,220,,,0,,,,,,,NOT_ESTIMABLE,0,,,,,,,,,,,,
13,f13-940260e5c34c,FORMAL_10K,HELDOUT_TRIPLE_AUDIT,STRICT_LUMPED,f12d43eace12231077007dc497fee8dad00fbe58cb2f1fe2c6159c47636b97a0,fixed_q15,Qmin,dimensionless,NOT_AVAILABLE,0,20,220,,,0,,,,,,,NOT_ESTIMABLE,0,,,,,,,,,,,,
13,f13-940260e5c34c,FORMAL_10K,HELDOUT_TRIPLE_AUDIT,STRICT_LUMPED,f12d43eace12231077007dc497fee8dad00fbe58cb2f1fe2c6159c47636b97a0,fixed_q15,K_abs,dimensionless,NOT_AVAILABLE,0,20,220,,,0,,,,,,,NOT_ESTIMABLE,0,,,,,,,,,,,,
13,f13-940260e5c34c,FORMAL_10K,HELDOUT_TRIPLE_AUDIT,STRICT_LUMPED,f12d43eace12231077007dc497fee8dad00fbe58cb2f1fe2c6159c47636b97a0,q_proxy,Lp_nH,nH,NOT_AVAILABLE,0,20,220,,,0,,,,,,,NOT_ESTIMABLE,0,,,,,,,,,,,,
13,f13-940260e5c34c,FORMAL_10K,HELDOUT_TRIPLE_AUDIT,STRICT_LUMPED,f12d43eace12231077007dc497fee8dad00fbe58cb2f1fe2c6159c47636b97a0,q_proxy,Ls_nH,nH,NOT_AVAILABLE,0,20,220,,,0,,,,,,,NOT_ESTIMABLE,0,,,,,,,,,,,,
13,f13-940260e5c34c,FORMAL_10K,HELDOUT_TRIPLE_AUDIT,STRICT_LUMPED,f12d43eace12231077007dc497fee8dad00fbe58cb2f1fe2c6159c47636b97a0,q_proxy,Qmin,dimensionless,NOT_AVAILABLE,0,20,220,,,0,,,,,,,NOT_ESTIMABLE,0,,,,,,,,,,,,
13,f13-940260e5c34c,FORMAL_10K,HELDOUT_TRIPLE_AUDIT,STRICT_LUMPED,f12d43eace12231077007dc497fee8dad00fbe58cb2f1fe2c6159c47636b97a0,q_proxy,K_abs,dimensionless,NOT_AVAILABLE,0,20,220,,,0,,,,,,,NOT_ESTIMABLE,0,,,,,,,,,,,,
13,f13-940260e5c34c,FORMAL_10K,HELDOUT_TRIPLE_AUDIT,STRICT_LUMPED,f12d43eace12231077007dc497fee8dad00fbe58cb2f1fe2c6159c47636b97a0,q_emx,Lp_nH,nH,NOT_AVAILABLE,0,20,220,,,0,,,,,,,NOT_ESTIMABLE,0,,,,,,,,,,,,
13,f13-940260e5c34c,FORMAL_10K,HELDOUT_TRIPLE_AUDIT,STRICT_LUMPED,f12d43eace12231077007dc497fee8dad00fbe58cb2f1fe2c6159c47636b97a0,q_emx,Ls_nH,nH,NOT_AVAILABLE,0,20,220,,,0,,,,,,,NOT_ESTIMABLE,0,,,,,,,,,,,,
13,f13-940260e5c34c,FORMAL_10K,HELDOUT_TRIPLE_AUDIT,STRICT_LUMPED,f12d43eace12231077007dc497fee8dad00fbe58cb2f1fe2c6159c47636b97a0,q_emx,Qmin,dimensionless,NOT_AVAILABLE,0,20,220,,,0,,,,,,,NOT_ESTIMABLE,0,,,,,,,,,,,,
13,f13-940260e5c34c,FORMAL_10K,HELDOUT_TRIPLE_AUDIT,STRICT_LUMPED,f12d43eace12231077007dc497fee8dad00fbe58cb2f1fe2c6159c47636b97a0,q_emx,K_abs,dimensionless,NOT_AVAILABLE,0,20,220,,,0,,,,,,,NOT_ESTIMABLE,0,,,,,,,,,,,,
14,f14-734ef171b954,FORMAL_10K,HELDOUT_TRIPLE_AUDIT,STRICT_LUMPED,f12d43eace12231077007dc497fee8dad00fbe58cb2f1fe2c6159c47636b97a0,fixed_q15,Lp_nH,nH,AVAILABLE_DESCRIPTIVE,2,20,220,1,0.01025197247414362,2,0.017325764127455567,0.020851355488870463,0.011601591404760914,0.017325764127455567,0.026607037251264298,0.027767196391740388,PROVISIONAL_SMALL_REQUEST_N,2,0.005724172722694654,0.02892735553221648,0.005724172722694654,0.02892735553221648,-0.005724172722694654,0.02892735553221648,0.005724172722694654,0.02892735553221648,0.005724172722694654,0.02892735553221648,0.005724172722694654,0.02892735553221648
14,f14-734ef171b954,FORMAL_10K,HELDOUT_TRIPLE_AUDIT,STRICT_LUMPED,f12d43eace12231077007dc497fee8dad00fbe58cb2f1fe2c6159c47636b97a0,fixed_q15,Ls_nH,nH,AVAILABLE_DESCRIPTIVE,2,20,220,1,0.01025197247414362,2,0.00216846933928061,0.0021997787395772995,0.00216846933928061,0.00216846933928061,0.002464325766835551,0.002501307820279919,PROVISIONAL_SMALL_REQUEST_N,2,0.0017986488048369331,0.0025382898737242865,0.0017986488048369331,0.0025382898737242865,0.0017986488048369331,0.0025382898737242865,0.0017986488048369331,0.0025382898737242865,0.0017986488048369331,0.0025382898737242865,0.0017986488048369331,0.0025382898737242865
14,f14-734ef171b954,FORMAL_10K,HELDOUT_TRIPLE_AUDIT,STRICT_LUMPED,f12d43eace12231077007dc497fee8dad00fbe58cb2f1fe2c6159c47636b97a0,fixed_q15,Qmin,dimensionless,AVAILABLE_DESCRIPTIVE,2,20,220,1,0.01025197247414362,2,0.3257345009051926,0.3970813099649523,-0.3257345009051926,0.3257345009051926,0.5074077929760352,0.5301169544848905,PROVISIONAL_SMALL_REQUEST_N,2,0.09864288581663949,0.5528261159937458,0.09864288581663949,0.5528261159937458,-0.5528261159937458,-0.09864288581663949,0.09864288581663949,0.5528261159937458,0.09864288581663949,0.5528261159937458,0.09864288581663949,0.5528261159937458
14,f14-734ef171b954,FORMAL_10K,HELDOUT_TRIPLE_AUDIT,STRICT_LUMPED,f12d43eace12231077007dc497fee8dad00fbe58cb2f1fe2c6159c47636b97a0,fixed_q15,K_abs,dimensionless,AVAILABLE_DESCRIPTIVE,2,20,220,1,0.01025197247414362,2,0.008120754605772024,0.010430802985339993,0.006546372701871639,0.008120754605772024,0.013357852767269335,0.014012490037456499,PROVISIONAL_SMALL_REQUEST_N,2,0.0015743819039003848,0.014667127307643663,0.0015743819039003848,0.014667127307643663,-0.0015743819039003848,0.014667127307643663,0.0015743819039003848,0.014667127307643663,0.0015743819039003848,0.014667127307643663,0.0015743819039003848,0.014667127307643663
14,f14-734ef171b954,FORMAL_10K,HELDOUT_TRIPLE_AUDIT,STRICT_LUMPED,f12d43eace12231077007dc497fee8dad00fbe58cb2f1fe2c6159c47636b97a0,q_proxy,Lp_nH,nH,AVAILABLE_DESCRIPTIVE,2,20,220,1,0.00468141551478235,2,0.004543028420618489,0.005390452054200715,-0.002901355910275294,0.004543028420618489,0.006864113148838724,0.0071542487398662535,PROVISIONAL_SMALL_REQUEST_N,2,0.001641672510343195,0.007444384330893783,0.001641672510343195,0.007444384330893783,-0.007444384330893783,0.001641672510343195,0.001641672510343195,0.007444384330893783,0.001641672510343195,0.007444384330893783,0.001641672510343195,0.007444384330893783
14,f14-734ef171b954,FORMAL_10K,HELDOUT_TRIPLE_AUDIT,STRICT_LUMPED,f12d43eace12231077007dc497fee8dad00fbe58cb2f1fe2c6159c47636b97a0,q_proxy,Ls_nH,nH,AVAILABLE_DESCRIPTIVE,2,20,220,1,0.00468141551478235,2,0.007308352239782212,0.008749746611332767,0.0048110345355026896,0.007308352239782212,0.011157179868184364,0.011638283321734633,PROVISIONAL_SMALL_REQUEST_N,2,0.0024973177042795225,0.012119386775284902,0.0024973177042795225,0.012119386775284902,-0.0024973177042795225,0.012119386775284902,0.0024973177042795225,0.012119386775284902,0.0024973177042795225,0.012119386775284902,0.0024973177042795225,0.012119386775284902
14,f14-734ef171b954,FORMAL_10K,HELDOUT_TRIPLE_AUDIT,STRICT_LUMPED,f12d43eace12231077007dc497fee8dad00fbe58cb2f1fe2c6159c47636b97a0,q_proxy,Qmin,dimensionless,AVAILABLE_DESCRIPTIVE,2,20,220,1,0.00468141551478235,2,0.11643833594891184,0.13339277727667792,0.06508261635055668,0.11643833594891184,0.1685044290293572,0.17501269066441283,PROVISIONAL_SMALL_REQUEST_N,2,0.051355719598355165,0.18152095229946852,0.051355719598355165,0.18152095229946852,-0.051355719598355165,0.18152095229946852,0.051355719598355165,0.18152095229946852,0.051355719598355165,0.18152095229946852,0.051355719598355165,0.18152095229946852
14,f14-734ef171b954,FORMAL_10K,HELDOUT_TRIPLE_AUDIT,STRICT_LUMPED,f12d43eace12231077007dc497fee8dad00fbe58cb2f1fe2c6159c47636b97a0,q_proxy,K_abs,dimensionless,AVAILABLE_DESCRIPTIVE,2,20,220,1,0.00468141551478235,2,0.003954744247042494,0.004152328230479497,0.0012656333095021205,0.003954744247042494,0.00496725089464419,0.005093814225594402,PROVISIONAL_SMALL_REQUEST_N,2,0.0026891109375403732,0.005220377556544614,0.0026891109375403732,0.005220377556544614,-0.0026891109375403732,0.005220377556544614,0.0026891109375403732,0.005220377556544614,0.0026891109375403732,0.005220377556544614,0.0026891109375403732,0.005220377556544614
14,f14-734ef171b954,FORMAL_10K,HELDOUT_TRIPLE_AUDIT,STRICT_LUMPED,f12d43eace12231077007dc497fee8dad00fbe58cb2f1fe2c6159c47636b97a0,q_emx,Lp_nH,nH,AVAILABLE_DESCRIPTIVE,2,20,220,1,0.002949344155271848,2,0.0003807431332014666,0.000444212620291156,0.0003807431332014666,0.0003807431332014666,0.0005638007521889144,0.0005866829545623452,PROVISIONAL_SMALL_REQUEST_N,2,0.00015192110946715687,0.0006095651569357763,0.00015192110946715687,0.0006095651569357763,0.00015192110946715687,0.0006095651569357763,0.00015192110946715687,0.0006095651569357763,0.00015192110946715687,0.0006095651569357763,0.00015192110946715687,0.0006095651569357763
14,f14-734ef171b954,FORMAL_10K,HELDOUT_TRIPLE_AUDIT,STRICT_LUMPED,f12d43eace12231077007dc497fee8dad00fbe58cb2f1fe2c6159c47636b97a0,q_emx,Ls_nH,nH,AVAILABLE_DESCRIPTIVE,2,20,220,1,0.002949344155271848,2,0.004831911818918622,0.006058689597293371,0.003655180954555526,0.004831911818918622,0.007756056582563043,0.008121574678018596,PROVISIONAL_SMALL_REQUEST_N,2,0.0011767308643630958,0.008487092773474147,0.0011767308643630958,0.008487092773474147,-0.0011767308643630958,0.008487092773474147,0.0011767308643630958,0.008487092773474147,0.0011767308643630958,0.008487092773474147,0.0011767308643630958,0.008487092773474147
14,f14-734ef171b954,FORMAL_10K,HELDOUT_TRIPLE_AUDIT,STRICT_LUMPED,f12d43eace12231077007dc497fee8dad00fbe58cb2f1fe2c6159c47636b97a0,q_emx,Qmin,dimensionless,AVAILABLE_DESCRIPTIVE,2,20,220,1,0.002949344155271848,2,0.09559080098397743,0.1138002081870667,0.09559080098397743,0.09559080098397743,0.144989658626875,0.15116451583223717,PROVISIONAL_SMALL_REQUEST_N,2,0.03384222893035549,0.15733937303759937,0.03384222893035549,0.15733937303759937,0.03384222893035549,0.15733937303759937,0.03384222893035549,0.15733937303759937,0.03384222893035549,0.15733937303759937,0.03384222893035549,0.15733937303759937
14,f14-734ef171b954,FORMAL_10K,HELDOUT_TRIPLE_AUDIT,STRICT_LUMPED,f12d43eace12231077007dc497fee8dad00fbe58cb2f1fe2c6159c47636b97a0,q_emx,K_abs,dimensionless,AVAILABLE_DESCRIPTIVE,2,20,220,1,0.002949344155271848,2,0.000649635294858314,0.0006625855421208291,0.000649635294858314,0.000649635294858314,0.0007539228490209216,0.0007669587932912475,PROVISIONAL_SMALL_REQUEST_N,2,0.0005192758521550545,0.0007799947375615734,0.0005192758521550545,0.0007799947375615734,0.0005192758521550545,0.0007799947375615734,0.0005192758521550545,0.0007799947375615734,0.0005192758521550545,0.0007799947375615734,0.0005192758521550545,0.0007799947375615734
16,f16-d1f0e127f1c7,FORMAL_10K,HELDOUT_TRIPLE_AUDIT,STRICT_LUMPED,f12d43eace12231077007dc497fee8dad00fbe58cb2f1fe2c6159c47636b97a0,fixed_q15,Lp_nH,nH,NOT_AVAILABLE,0,20,220,,,0,,,,,,,NOT_ESTIMABLE,0,,,,,,,,,,,,
16,f16-d1f0e127f1c7,FORMAL_10K,HELDOUT_TRIPLE_AUDIT,STRICT_LUMPED,f12d43eace12231077007dc497fee8dad00fbe58cb2f1fe2c6159c47636b97a0,fixed_q15,Ls_nH,nH,NOT_AVAILABLE,0,20,220,,,0,,,,,,,NOT_ESTIMABLE,0,,,,,,,,,,,,
16,f16-d1f0e127f1c7,FORMAL_10K,HELDOUT_TRIPLE_AUDIT,STRICT_LUMPED,f12d43eace12231077007dc497fee8dad00fbe58cb2f1fe2c6159c47636b97a0,fixed_q15,Qmin,dimensionless,NOT_AVAILABLE,0,20,220,,,0,,,,,,,NOT_ESTIMABLE,0,,,,,,,,,,,,
16,f16-d1f0e127f1c7,FORMAL_10K,HELDOUT_TRIPLE_AUDIT,STRICT_LUMPED,f12d43eace12231077007dc497fee8dad00fbe58cb2f1fe2c6159c47636b97a0,fixed_q15,K_abs,dimensionless,NOT_AVAILABLE,0,20,220,,,0,,,,,,,NOT_ESTIMABLE,0,,,,,,,,,,,,
16,f16-d1f0e127f1c7,FORMAL_10K,HELDOUT_TRIPLE_AUDIT,STRICT_LUMPED,f12d43eace12231077007dc497fee8dad00fbe58cb2f1fe2c6159c47636b97a0,q_proxy,Lp_nH,nH,NOT_AVAILABLE,0,20,220,,,0,,,,,,,NOT_ESTIMABLE,0,,,,,,,,,,,,
16,f16-d1f0e127f1c7,FORMAL_10K,HELDOUT_TRIPLE_AUDIT,STRICT_LUMPED,f12d43eace12231077007dc497fee8dad00fbe58cb2f1fe2c6159c47636b97a0,q_proxy,Ls_nH,nH,NOT_AVAILABLE,0,20,220,,,0,,,,,,,NOT_ESTIMABLE,0,,,,,,,,,,,,
16,f16-d1f0e127f1c7,FORMAL_10K,HELDOUT_TRIPLE_AUDIT,STRICT_LUMPED,f12d43eace12231077007dc497fee8dad00fbe58cb2f1fe2c6159c47636b97a0,q_proxy,Qmin,dimensionless,NOT_AVAILABLE,0,20,220,,,0,,,,,,,NOT_ESTIMABLE,0,,,,,,,,,,,,
16,f16-d1f0e127f1c7,FORMAL_10K,HELDOUT_TRIPLE_AUDIT,STRICT_LUMPED,f12d43eace12231077007dc497fee8dad00fbe58cb2f1fe2c6159c47636b97a0,q_proxy,K_abs,dimensionless,NOT_AVAILABLE,0,20,220,,,0,,,,,,,NOT_ESTIMABLE,0,,,,,,,,,,,,
16,f16-d1f0e127f1c7,FORMAL_10K,HELDOUT_TRIPLE_AUDIT,STRICT_LUMPED,f12d43eace12231077007dc497fee8dad00fbe58cb2f1fe2c6159c47636b97a0,q_emx,Lp_nH,nH,NOT_AVAILABLE,0,20,220,,,0,,,,,,,NOT_ESTIMABLE,0,,,,,,,,,,,,
16,f16-d1f0e127f1c7,FORMAL_10K,HELDOUT_TRIPLE_AUDIT,STRICT_LUMPED,f12d43eace12231077007dc497fee8dad00fbe58cb2f1fe2c6159c47636b97a0,q_emx,Ls_nH,nH,NOT_AVAILABLE,0,20,220,,,0,,,,,,,NOT_ESTIMABLE,0,,,,,,,,,,,,
16,f16-d1f0e127f1c7,FORMAL_10K,HELDOUT_TRIPLE_AUDIT,STRICT_LUMPED,f12d43eace12231077007dc497fee8dad00fbe58cb2f1fe2c6159c47636b97a0,q_emx,Qmin,dimensionless,NOT_AVAILABLE,0,20,220,,,0,,,,,,,NOT_ESTIMABLE,0,,,,,,,,,,,,
16,f16-d1f0e127f1c7,FORMAL_10K,HELDOUT_TRIPLE_AUDIT,STRICT_LUMPED,f12d43eace12231077007dc497fee8dad00fbe58cb2f1fe2c6159c47636b97a0,q_emx,K_abs,dimensionless,NOT_AVAILABLE,0,20,220,,,0,,,,,,,NOT_ESTIMABLE,0,,,,,,,,,,,,
17,f17-7b878ff5d5dc,FORMAL_10K,HELDOUT_TRIPLE_AUDIT,STRICT_LUMPED,f12d43eace12231077007dc497fee8dad00fbe58cb2f1fe2c6159c47636b97a0,fixed_q15,Lp_nH,nH,NOT_AVAILABLE,0,20,220,,,0,,,,,,,NOT_ESTIMABLE,0,,,,,,,,,,,,
17,f17-7b878ff5d5dc,FORMAL_10K,HELDOUT_TRIPLE_AUDIT,STRICT_LUMPED,f12d43eace12231077007dc497fee8dad00fbe58cb2f1fe2c6159c47636b97a0,fixed_q15,Ls_nH,nH,NOT_AVAILABLE,0,20,220,,,0,,,,,,,NOT_ESTIMABLE,0,,,,,,,,,,,,
17,f17-7b878ff5d5dc,FORMAL_10K,HELDOUT_TRIPLE_AUDIT,STRICT_LUMPED,f12d43eace12231077007dc497fee8dad00fbe58cb2f1fe2c6159c47636b97a0,fixed_q15,Qmin,dimensionless,NOT_AVAILABLE,0,20,220,,,0,,,,,,,NOT_ESTIMABLE,0,,,,,,,,,,,,
17,f17-7b878ff5d5dc,FORMAL_10K,HELDOUT_TRIPLE_AUDIT,STRICT_LUMPED,f12d43eace12231077007dc497fee8dad00fbe58cb2f1fe2c6159c47636b97a0,fixed_q15,K_abs,dimensionless,NOT_AVAILABLE,0,20,220,,,0,,,,,,,NOT_ESTIMABLE,0,,,,,,,,,,,,
17,f17-7b878ff5d5dc,FORMAL_10K,HELDOUT_TRIPLE_AUDIT,STRICT_LUMPED,f12d43eace12231077007dc497fee8dad00fbe58cb2f1fe2c6159c47636b97a0,q_proxy,Lp_nH,nH,NOT_AVAILABLE,0,20,220,,,0,,,,,,,NOT_ESTIMABLE,0,,,,,,,,,,,,
17,f17-7b878ff5d5dc,FORMAL_10K,HELDOUT_TRIPLE_AUDIT,STRICT_LUMPED,f12d43eace12231077007dc497fee8dad00fbe58cb2f1fe2c6159c47636b97a0,q_proxy,Ls_nH,nH,NOT_AVAILABLE,0,20,220,,,0,,,,,,,NOT_ESTIMABLE,0,,,,,,,,,,,,
17,f17-7b878ff5d5dc,FORMAL_10K,HELDOUT_TRIPLE_AUDIT,STRICT_LUMPED,f12d43eace12231077007dc497fee8dad00fbe58cb2f1fe2c6159c47636b97a0,q_proxy,Qmin,dimensionless,NOT_AVAILABLE,0,20,220,,,0,,,,,,,NOT_ESTIMABLE,0,,,,,,,,,,,,
17,f17-7b878ff5d5dc,FORMAL_10K,HELDOUT_TRIPLE_AUDIT,STRICT_LUMPED,f12d43eace12231077007dc497fee8dad00fbe58cb2f1fe2c6159c47636b97a0,q_proxy,K_abs,dimensionless,NOT_AVAILABLE,0,20,220,,,0,,,,,,,NOT_ESTIMABLE,0,,,,,,,,,,,,
17,f17-7b878ff5d5dc,FORMAL_10K,HELDOUT_TRIPLE_AUDIT,STRICT_LUMPED,f12d43eace12231077007dc497fee8dad00fbe58cb2f1fe2c6159c47636b97a0,q_emx,Lp_nH,nH,NOT_AVAILABLE,0,20,220,,,0,,,,,,,NOT_ESTIMABLE,0,,,,,,,,,,,,
17,f17-7b878ff5d5dc,FORMAL_10K,HELDOUT_TRIPLE_AUDIT,STRICT_LUMPED,f12d43eace12231077007dc497fee8dad00fbe58cb2f1fe2c6159c47636b97a0,q_emx,Ls_nH,nH,NOT_AVAILABLE,0,20,220,,,0,,,,,,,NOT_ESTIMABLE,0,,,,,,,,,,,,
17,f17-7b878ff5d5dc,FORMAL_10K,HELDOUT_TRIPLE_AUDIT,STRICT_LUMPED,f12d43eace12231077007dc497fee8dad00fbe58cb2f1fe2c6159c47636b97a0,q_emx,Qmin,dimensionless,NOT_AVAILABLE,0,20,220,,,0,,,,,,,NOT_ESTIMABLE,0,,,,,,,,,,,,
17,f17-7b878ff5d5dc,FORMAL_10K,HELDOUT_TRIPLE_AUDIT,STRICT_LUMPED,f12d43eace12231077007dc497fee8dad00fbe58cb2f1fe2c6159c47636b97a0,q_emx,K_abs,dimensionless,NOT_AVAILABLE,0,20,220,,,0,,,,,,,NOT_ESTIMABLE,0,,,,,,,,,,,,
18,f18-1a136fda6a2a,FORMAL_10K,HELDOUT_TRIPLE_AUDIT,STRICT_LUMPED,f12d43eace12231077007dc497fee8dad00fbe58cb2f1fe2c6159c47636b97a0,fixed_q15,Lp_nH,nH,AVAILABLE_DESCRIPTIVE,1,20,220,1,0.012943665172036394,1,0.011559121120144566,0.011559121120144566,-0.011559121120144566,0.011559121120144566,0.011559121120144566,0.011559121120144566,NOT_ESTIMABLE,1,,,,,,,,,,,,
18,f18-1a136fda6a2a,FORMAL_10K,HELDOUT_TRIPLE_AUDIT,STRICT_LUMPED,f12d43eace12231077007dc497fee8dad00fbe58cb2f1fe2c6159c47636b97a0,fixed_q15,Ls_nH,nH,AVAILABLE_DESCRIPTIVE,1,20,220,1,0.012943665172036394,1,0.02834020580868668,0.02834020580868668,0.02834020580868668,0.02834020580868668,0.02834020580868668,0.02834020580868668,NOT_ESTIMABLE,1,,,,,,,,,,,,
18,f18-1a136fda6a2a,FORMAL_10K,HELDOUT_TRIPLE_AUDIT,STRICT_LUMPED,f12d43eace12231077007dc497fee8dad00fbe58cb2f1fe2c6159c47636b97a0,fixed_q15,Qmin,dimensionless,AVAILABLE_DESCRIPTIVE,1,20,220,1,0.012943665172036394,1,0.4134013518849091,0.4134013518849091,0.4134013518849091,0.4134013518849091,0.4134013518849091,0.4134013518849091,NOT_ESTIMABLE,1,,,,,,,,,,,,
18,f18-1a136fda6a2a,FORMAL_10K,HELDOUT_TRIPLE_AUDIT,STRICT_LUMPED,f12d43eace12231077007dc497fee8dad00fbe58cb2f1fe2c6159c47636b97a0,fixed_q15,K_abs,dimensionless,AVAILABLE_DESCRIPTIVE,1,20,220,1,0.012943665172036394,1,0.007715637755173449,0.007715637755173449,0.007715637755173449,0.007715637755173449,0.007715637755173449,0.007715637755173449,NOT_ESTIMABLE,1,,,,,,,,,,,,
18,f18-1a136fda6a2a,FORMAL_10K,HELDOUT_TRIPLE_AUDIT,STRICT_LUMPED,f12d43eace12231077007dc497fee8dad00fbe58cb2f1fe2c6159c47636b97a0,q_proxy,Lp_nH,nH,AVAILABLE_DESCRIPTIVE,1,20,220,1,0.0069075021411085435,1,0.01984981023432464,0.01984981023432464,-0.01984981023432464,0.01984981023432464,0.01984981023432464,0.01984981023432464,NOT_ESTIMABLE,1,,,,,,,,,,,,
18,f18-1a136fda6a2a,FORMAL_10K,HELDOUT_TRIPLE_AUDIT,STRICT_LUMPED,f12d43eace12231077007dc497fee8dad00fbe58cb2f1fe2c6159c47636b97a0,q_proxy,Ls_nH,nH,AVAILABLE_DESCRIPTIVE,1,20,220,1,0.0069075021411085435,1,0.0034832239470111714,0.0034832239470111714,0.0034832239470111714,0.0034832239470111714,0.0034832239470111714,0.0034832239470111714,NOT_ESTIMABLE,1,,,,,,,,,,,,
18,f18-1a136fda6a2a,FORMAL_10K,HELDOUT_TRIPLE_AUDIT,STRICT_LUMPED,f12d43eace12231077007dc497fee8dad00fbe58cb2f1fe2c6159c47636b97a0,q_proxy,Qmin,dimensionless,AVAILABLE_DESCRIPTIVE,1,20,220,1,0.0069075021411085435,1,0.15447248616318277,0.15447248616318277,0.15447248616318277,0.15447248616318277,0.15447248616318277,0.15447248616318277,NOT_ESTIMABLE,1,,,,,,,,,,,,
18,f18-1a136fda6a2a,FORMAL_10K,HELDOUT_TRIPLE_AUDIT,STRICT_LUMPED,f12d43eace12231077007dc497fee8dad00fbe58cb2f1fe2c6159c47636b97a0,q_proxy,K_abs,dimensionless,AVAILABLE_DESCRIPTIVE,1,20,220,1,0.0069075021411085435,1,0.006509872890900048,0.006509872890900048,0.006509872890900048,0.006509872890900048,0.006509872890900048,0.006509872890900048,NOT_ESTIMABLE,1,,,,,,,,,,,,
18,f18-1a136fda6a2a,FORMAL_10K,HELDOUT_TRIPLE_AUDIT,STRICT_LUMPED,f12d43eace12231077007dc497fee8dad00fbe58cb2f1fe2c6159c47636b97a0,q_emx,Lp_nH,nH,AVAILABLE_DESCRIPTIVE,1,20,220,1,0.0069075021411085435,1,0.01984981023432464,0.01984981023432464,-0.01984981023432464,0.01984981023432464,0.01984981023432464,0.01984981023432464,NOT_ESTIMABLE,1,,,,,,,,,,,,
18,f18-1a136fda6a2a,FORMAL_10K,HELDOUT_TRIPLE_AUDIT,STRICT_LUMPED,f12d43eace12231077007dc497fee8dad00fbe58cb2f1fe2c6159c47636b97a0,q_emx,Ls_nH,nH,AVAILABLE_DESCRIPTIVE,1,20,220,1,0.0069075021411085435,1,0.0034832239470111714,0.0034832239470111714,0.0034832239470111714,0.0034832239470111714,0.0034832239470111714,0.0034832239470111714,NOT_ESTIMABLE,1,,,,,,,,,,,,
18,f18-1a136fda6a2a,FORMAL_10K,HELDOUT_TRIPLE_AUDIT,STRICT_LUMPED,f12d43eace12231077007dc497fee8dad00fbe58cb2f1fe2c6159c47636b97a0,q_emx,Qmin,dimensionless,AVAILABLE_DESCRIPTIVE,1,20,220,1,0.0069075021411085435,1,0.15447248616318277,0.15447248616318277,0.15447248616318277,0.15447248616318277,0.15447248616318277,0.15447248616318277,NOT_ESTIMABLE,1,,,,,,,,,,,,
18,f18-1a136fda6a2a,FORMAL_10K,HELDOUT_TRIPLE_AUDIT,STRICT_LUMPED,f12d43eace12231077007dc497fee8dad00fbe58cb2f1fe2c6159c47636b97a0,q_emx,K_abs,dimensionless,AVAILABLE_DESCRIPTIVE,1,20,220,1,0.0069075021411085435,1,0.006509872890900048,0.006509872890900048,0.006509872890900048,0.006509872890900048,0.006509872890900048,0.006509872890900048,NOT_ESTIMABLE,1,,,,,,,,,,,,
19,f19-e02801471b97,FORMAL_10K,HELDOUT_TRIPLE_AUDIT,STRICT_LUMPED,f12d43eace12231077007dc497fee8dad00fbe58cb2f1fe2c6159c47636b97a0,fixed_q15,Lp_nH,nH,NOT_AVAILABLE,0,20,220,,,0,,,,,,,NOT_ESTIMABLE,0,,,,,,,,,,,,
19,f19-e02801471b97,FORMAL_10K,HELDOUT_TRIPLE_AUDIT,STRICT_LUMPED,f12d43eace12231077007dc497fee8dad00fbe58cb2f1fe2c6159c47636b97a0,fixed_q15,Ls_nH,nH,NOT_AVAILABLE,0,20,220,,,0,,,,,,,NOT_ESTIMABLE,0,,,,,,,,,,,,
19,f19-e02801471b97,FORMAL_10K,HELDOUT_TRIPLE_AUDIT,STRICT_LUMPED,f12d43eace12231077007dc497fee8dad00fbe58cb2f1fe2c6159c47636b97a0,fixed_q15,Qmin,dimensionless,NOT_AVAILABLE,0,20,220,,,0,,,,,,,NOT_ESTIMABLE,0,,,,,,,,,,,,
19,f19-e02801471b97,FORMAL_10K,HELDOUT_TRIPLE_AUDIT,STRICT_LUMPED,f12d43eace12231077007dc497fee8dad00fbe58cb2f1fe2c6159c47636b97a0,fixed_q15,K_abs,dimensionless,NOT_AVAILABLE,0,20,220,,,0,,,,,,,NOT_ESTIMABLE,0,,,,,,,,,,,,
19,f19-e02801471b97,FORMAL_10K,HELDOUT_TRIPLE_AUDIT,STRICT_LUMPED,f12d43eace12231077007dc497fee8dad00fbe58cb2f1fe2c6159c47636b97a0,q_proxy,Lp_nH,nH,NOT_AVAILABLE,0,20,220,,,0,,,,,,,NOT_ESTIMABLE,0,,,,,,,,,,,,
19,f19-e02801471b97,FORMAL_10K,HELDOUT_TRIPLE_AUDIT,STRICT_LUMPED,f12d43eace12231077007dc497fee8dad00fbe58cb2f1fe2c6159c47636b97a0,q_proxy,Ls_nH,nH,NOT_AVAILABLE,0,20,220,,,0,,,,,,,NOT_ESTIMABLE,0,,,,,,,,,,,,
19,f19-e02801471b97,FORMAL_10K,HELDOUT_TRIPLE_AUDIT,STRICT_LUMPED,f12d43eace12231077007dc497fee8dad00fbe58cb2f1fe2c6159c47636b97a0,q_proxy,Qmin,dimensionless,NOT_AVAILABLE,0,20,220,,,0,,,,,,,NOT_ESTIMABLE,0,,,,,,,,,,,,
19,f19-e02801471b97,FORMAL_10K,HELDOUT_TRIPLE_AUDIT,STRICT_LUMPED,f12d43eace12231077007dc497fee8dad00fbe58cb2f1fe2c6159c47636b97a0,q_proxy,K_abs,dimensionless,NOT_AVAILABLE,0,20,220,,,0,,,,,,,NOT_ESTIMABLE,0,,,,,,,,,,,,
19,f19-e02801471b97,FORMAL_10K,HELDOUT_TRIPLE_AUDIT,STRICT_LUMPED,f12d43eace12231077007dc497fee8dad00fbe58cb2f1fe2c6159c47636b97a0,q_emx,Lp_nH,nH,NOT_AVAILABLE,0,20,220,,,0,,,,,,,NOT_ESTIMABLE,0,,,,,,,,,,,,
19,f19-e02801471b97,FORMAL_10K,HELDOUT_TRIPLE_AUDIT,STRICT_LUMPED,f12d43eace12231077007dc497fee8dad00fbe58cb2f1fe2c6159c47636b97a0,q_emx,Ls_nH,nH,NOT_AVAILABLE,0,20,220,,,0,,,,,,,NOT_ESTIMABLE,0,,,,,,,,,,,,
19,f19-e02801471b97,FORMAL_10K,HELDOUT_TRIPLE_AUDIT,STRICT_LUMPED,f12d43eace12231077007dc497fee8dad00fbe58cb2f1fe2c6159c47636b97a0,q_emx,Qmin,dimensionless,NOT_AVAILABLE,0,20,220,,,0,,,,,,,NOT_ESTIMABLE,0,,,,,,,,,,,,
19,f19-e02801471b97,FORMAL_10K,HELDOUT_TRIPLE_AUDIT,STRICT_LUMPED,f12d43eace12231077007dc497fee8dad00fbe58cb2f1fe2c6159c47636b97a0,q_emx,K_abs,dimensionless,NOT_AVAILABLE,0,20,220,,,0,,,,,,,NOT_ESTIMABLE,0,,,,,,,,,,,,
