source_row_index,evaluation,raw_geometry_identity_sha256,production_geometry_fingerprint_sha256,gds_sha256,lp_nh,ls_nh,qp,qs,qmin,k_abs,signed_k,conditional_strict,core_range,q10_to20,necessary_grid_edges_pass,current_qualification,reuse_class
97567,000000__shard_000__04db4f3dd1a9a370,818f6867a161600e039c04dff3b81afc53f1a1d07b804804bcbd132461c78b21,c994eb88b31a02008783e4aff28ffbbe2ef07bfa712365f22c3ea15a5a95297b,7449d62cf9b9b63319f4631fdd8d56f108b222208a70b385bc96ebeedfaf2511,1.1310402174387617,1.0160550591866853,17.985384337652288,18.10746794473161,17.985384337652288,0.20225813901904097,0.20225813901904097,true,true,true,true,UNPROVEN,B_RAW_RESPONSE_WITH_MISSING_CURRENT_EVIDENCE
97568,000001__shard_000__1e6e2a2ad268c784,7eedd34d6c449a5a6c886030faf55b323dc0d3d8fa49310ed55fee48bbba31f0,cf991c001c11f08aa04fdf206d43004d0159c50a5d5f10799f3e50706916c484,98a545110623fbd469f8fc54f850819250757c656bda52e0a4fbe5271de96dfe,1.138097877991114,1.0390615534689822,18.056644737650753,17.898977251792026,17.898977251792026,0.20232498085601966,0.20232498085601966,true,true,true,true,UNPROVEN,B_RAW_RESPONSE_WITH_MISSING_CURRENT_EVIDENCE
97569,000002__shard_000__2045500a237511cf,6b5f59ae9e89da513f3fbdd57478eb94b45d59b9343482a929c717fa22496a97,150569f4e15285258380347d2cbc512d339f6cee965c77cd0ad374fb99242773,cd3c01b2f92ace22c4dbe607030f15426b8c117d82bd7368c57ad1aa141feaa7,1.1487372256008568,1.0163662431397553,17.91727597072453,18.148517275269395,17.91727597072453,0.20181093086480392,0.20181093086480392,true,true,true,true,UNPROVEN,B_RAW_RESPONSE_WITH_MISSING_CURRENT_EVIDENCE
97570,000003__shard_000__20bc51923feee73f,65c73a5999a7f0538d9a84fc400ac0d413968f5bced0e67cf21de6159a87df6b,d68ea2347a932411aff8ff882b23318ac26c25b950f4de552078fa920e9c6d3c,46b5714f4345e29e126dfbb2fd58647f92b121648e2a0648e7fc6d16e9fa140b,1.1233093601563564,1.0100263430454186,18.138216702796083,18.203746098538357,18.138216702796083,0.20450993176474114,0.20450993176474114,true,true,true,true,UNPROVEN,B_RAW_RESPONSE_WITH_MISSING_CURRENT_EVIDENCE
97571,000004__shard_000__21bd18e0cb83d1ac,26d38e4455f0bc0c41882ea18a048a9bb3e720d7ff4c720122678b378e1fbd3e,072198580561b6ccc148d13999f14fc3a6ae8c9231aaed79f84cc67039c9c908,fbd01fae2407d80ee23024e20661dc24f35906c75631ffac9e26b54ac6fb5440,1.1282226602513579,1.0104470545235098,18.098073955579206,18.228214636680338,18.098073955579206,0.20055613334566189,0.20055613334566189,true,true,true,true,UNPROVEN,B_RAW_RESPONSE_WITH_MISSING_CURRENT_EVIDENCE
97572,000005__shard_000__268358cdcdb79162,3c0b049b0894170470329ca0e784a4925299d50871ad5f54be2fddd38b193915,83bd34f22f053218abbe7b3c96b485417a4fdc38b5a44c48687a33dd3b7253ac,d463f05004209af8c48f0579aa12905e85c0a93717f8c93dee8bb3362de37359,1.1388990467008357,1.0323286506053315,17.978705246792384,17.788577851419532,17.788577851419532,0.20386156080862494,0.20386156080862494,true,true,true,true,UNPROVEN,B_RAW_RESPONSE_WITH_MISSING_CURRENT_EVIDENCE
97573,000006__shard_000__26a6773369ec43ee,a9b6845774a766360b3756558f8142f1b78a60b80aed2f67d226350b0bb94870,29e67b992de5b898e204187701c1b3e4a93550cb5c1540431083a3ab96000394,743f41b99340458949d29931bb6149c8a09ed436cf946fcfeac1277832a67c1c,1.1199876500779282,1.0325767286916707,18.106134270432193,17.819134003517966,17.819134003517966,0.20724062890247472,0.20724062890247472,true,true,true,true,UNPROVEN,B_RAW_RESPONSE_WITH_MISSING_CURRENT_EVIDENCE
97574,000007__shard_000__2772cdbb3d3f6620,89d1113b6a6682ba367d3a8748c0d71c3a0cf44a5dd02bd775fbfbb7892eb3ff,f90409d5c795ecdca3cb048f8ac3db0c9f1d409e6ffe77059dc1ace340d1e542,37c57df7af50901b7db8308127a06cbbdb5e0f6b5acf5e906f228b46e22476ea,1.118980749273433,1.0159178385719034,18.132336586191744,18.008884641191248,18.008884641191248,0.204551013103985,0.204551013103985,true,true,true,true,UNPROVEN,B_RAW_RESPONSE_WITH_MISSING_CURRENT_EVIDENCE
97575,000008__shard_000__295f80a3af144a33,c224ec3a17729c8c6ff51f1bdd75688163557c7eb9269243d0aecbcab4371486,3b525ed8276dfe878d45af36117fafbe0f6e30b73f0c2bf815ec86aa4ae70714,83229fac5978187270740436214cf0b2fbaa6c7e42bf422fa2dd5afd7e6141c7,1.1203764291474763,1.0337617625483164,18.11772180436735,17.806814284560396,17.806814284560396,0.20783041741956992,0.20783041741956992,true,true,true,true,UNPROVEN,B_RAW_RESPONSE_WITH_MISSING_CURRENT_EVIDENCE
97576,000009__shard_000__299064d5808b4c5a,c720b83a1d51bdc652a612e0869324c99a73c4de079f77a786e721d278bdf7b5,34048c31c887b3e1f4487da3d583d755671505062fe3259274f0661b655205da,641ce699876fcb69982e4a152b7541ac3f4711ecd17dfc53450356fc1820a2a6,1.1269493134250914,1.0103218537907854,18.055082131376803,18.146165567434867,18.055082131376803,0.20492769772756958,0.20492769772756958,true,true,true,true,UNPROVEN,B_RAW_RESPONSE_WITH_MISSING_CURRENT_EVIDENCE
97577,000010__shard_000__2bb9568be0c1a452,95fe6ebffd44eb6892bd8cdc4bef391b50a6652944633bcdfbe22908f86bec0b,d2513c2bdcd13b5978e2fc7d79e2e1d7877fb09a0bbe0a61ca157f951994361c,ae7180e570049e64cd66b2707f172e6f54c046e8b2634f8d9863adbd8057b298,1.1423864305199949,1.0294769394306953,17.983004506583164,17.906458577918627,17.906458577918627,0.20469402002603931,0.20469402002603931,true,true,true,true,UNPROVEN,B_RAW_RESPONSE_WITH_MISSING_CURRENT_EVIDENCE
97578,000011__shard_000__34a6704c80611b2d,d3f964f458cd243ca3c5791f39622c4ada0496589145c2e2c092ad6e899c852d,a16bace607a9f4723ce6f1e30d38403e4ad80f8beec7d8442d879096290c7cae,3011766e7c2148d7dbcfba425a470df89051b37930d849bfc92c5d8a087192bf,1.1074783622128999,0.9975918970558287,18.275757967276405,18.323347497801926,18.275757967276405,0.206621976050758,0.206621976050758,true,true,true,true,UNPROVEN,B_RAW_RESPONSE_WITH_MISSING_CURRENT_EVIDENCE
97579,000012__shard_000__37b79078cd7f4154,766c0ee60e7fc48e58e0a9f5e9a1ec3d57c124dff21757a7c209bb7b07a290d7,f859e0f86a295d799cab7ddd5a792fe3b0a22bf806e344c3081547c65697d700,de7ccd0aa77ced5d2fca4c2a0440489b203e0027f549ddde5e5b2685b24f7b55,1.148180927919896,1.0337773998105655,17.893694202820353,17.916731305786694,17.893694202820353,0.20173082399474948,0.20173082399474948,true,true,true,true,UNPROVEN,B_RAW_RESPONSE_WITH_MISSING_CURRENT_EVIDENCE
97580,000013__shard_000__380985e6e0785775,638dee6853e95e908351a188907a9eec58f560596dd177234b86c8418a24858d,88c28ea3660721f4c9b631c9d5b06448d986f50a67a7c982cfe5512adbaec589,39695421ca9fcc480e0a9d3b325b36338ac4804118403630fafc4a58b26d5119,1.1248737111922251,1.0057693090382935,18.104785779368264,18.148380587196556,18.104785779368264,0.20524598156313512,0.20524598156313512,true,true,true,true,UNPROVEN,B_RAW_RESPONSE_WITH_MISSING_CURRENT_EVIDENCE
97581,000014__shard_000__3bec8e410c6c7d5f,f372024fbaf3c06e40aec2c0c9da03a7b42b40abda8eb7b01128dae360224c0b,02b245235547ccfabc82ce5b41706c0360be9dcf66e3cfc8455eac340c7bb0ed,6d99f7b0c2577bbf6068e912a396cb660f2d231f9ac22824d93079c04e5720c4,1.1164134275340958,1.0187456548932765,18.158816931427776,18.060767808742433,18.060767808742433,0.20347839617979596,0.20347839617979596,true,true,true,true,UNPROVEN,B_RAW_RESPONSE_WITH_MISSING_CURRENT_EVIDENCE
97582,000015__shard_000__3c1fb4d0aa48fced,c950ea615c9876384831093c40fae5190b3ba3250074188fd8c5a9ba587b5f45,469e05110f57170563c5c98af4aa3f206f3e4b514166933b257de59f0a9e8a36,292a60e24b1aedabc0bdda14360acdf1699d5969048cf41653defd46bcc71d85,1.1189204988643109,1.018796948922421,17.981418373702358,17.96713973300602,17.96713973300602,0.20437778692808606,0.20437778692808606,true,true,true,true,UNPROVEN,B_RAW_RESPONSE_WITH_MISSING_CURRENT_EVIDENCE
97583,000016__shard_000__3d9737d58d5ee971,f6c76252d42121ef510a58913700ee119cbd504418ff1d8ca4290157504cb6da,d2ebfd813e717e5b549dfda34dc33f3fd12dff83e9e01198f1c597f835f26957,67c866db544ca134d735a4c84ef32cdaec9b2d8a3896402bfe4b5fd9e75a2876,1.1455361050436257,1.0186666631025934,17.8824474934435,18.02325924581755,17.8824474934435,0.2022987243410209,0.2022987243410209,true,true,true,true,UNPROVEN,B_RAW_RESPONSE_WITH_MISSING_CURRENT_EVIDENCE
97584,000017__shard_000__439495224f3f6225,10f4335f740bddfe099077dc59a1d1e60b4c3cde8a48f01c4ee9d7592782daf3,bb39c2463fd74212906138e00f8cf957b33e8bae3604e90877ce0a54a52eb93f,d25e47c3662b32ebb30ea360e95ab2ae3b829b98efc7c7c51c822ebfb2d80980,1.137644600663004,1.0410229798781125,18.01545743689553,17.699019504167776,17.699019504167776,0.20597509739973327,0.20597509739973327,true,true,true,true,UNPROVEN,B_RAW_RESPONSE_WITH_MISSING_CURRENT_EVIDENCE
97585,000018__shard_000__4812858d6ebd41fa,91c5849fad71a39663840105141b0f8769eeee92880423c41d9b54c0d0aa88ea,be17b8434dd02ca1f792b746b6594cef011565133d51fcc1221755bb7533e99b,98e0c0d086c99e979cf9afd31626f214189191a8e7d16b3708054b8fff1fdf55,1.1240406945143673,1.0122034794023846,18.14744731889195,18.13703204596666,18.13703204596666,0.20380850683150178,0.20380850683150178,true,true,true,true,UNPROVEN,B_RAW_RESPONSE_WITH_MISSING_CURRENT_EVIDENCE
97586,000019__shard_000__4fd0e6942c8da21c,f45243809839c74a2ef938b4f0c61820fc51a8377b69179e430b6e6ba6b5a86e,9e1c5e4835880d7bd0b39cdcb71ff4103a5db07bf75d4b7a79727efd58d04857,1fe8466e7b938b17e590fdc9035b95800b602e751082a6fd43bbddf3c55f4a8c,1.1316473977586656,1.0205844050420507,18.07349392328898,18.037568377316692,18.037568377316692,0.20549979256250892,0.20549979256250892,true,true,true,true,UNPROVEN,B_RAW_RESPONSE_WITH_MISSING_CURRENT_EVIDENCE
97587,000020__shard_000__580cfd3f78c45b1d,04d58b9d62376e2ea24c443127ba6617fd5573aa82fba77ac867a6f84573de49,904cf8c3ca0298d032e0963cde7a04a3cb943c865d88e554ac90a890f205fd85,917bd02e01091d20e174c028872058116b28249080cf76f6a69d2834ad489ffe,1.1483306340504487,1.0151160451518593,17.917716284215505,18.18848561093685,17.917716284215505,0.20443497518593207,0.20443497518593207,true,true,true,true,UNPROVEN,B_RAW_RESPONSE_WITH_MISSING_CURRENT_EVIDENCE
97588,000021__shard_000__5c93acce68712d6e,3656ccdc39e25cc22bd3997eb0e013dfa3e622241a721d0cc80a02560d2b0a8e,f8c244fab46f06a9f57771d86c8337781ee16f51a4f2b9e4526c5934f5b757ad,2147677e39da98e142400164933013ad0e6c8ab40fa4a26009f2229fb231a095,1.119289376358253,0.9837113650101893,18.078709282204777,18.431315665078497,18.078709282204777,0.2041328313823464,0.2041328313823464,true,true,true,true,UNPROVEN,B_RAW_RESPONSE_WITH_MISSING_CURRENT_EVIDENCE
97589,000022__shard_000__5d04b8ba22966093,0ab000ee5341d44f8ce6fb9b4ee8adabe8be0d1b9a71d7f537348241c7bc24b2,569dcde9b62475b501b871d5077885a89946bc4907fbdc8eb925d1d339fb9481,08348851a468b2b41fc636f847bd3536791fe6ac37926e5440536cc7581b0943,1.1249248709090944,1.004886139504693,18.062692523820203,18.230110280100956,18.062692523820203,0.20501007968545948,0.20501007968545948,true,true,true,true,UNPROVEN,B_RAW_RESPONSE_WITH_MISSING_CURRENT_EVIDENCE
97590,000023__shard_000__64dbc92b89c3fb51,e0f807134b5b64f0ecb1f377ef048a6051d5fd02a86245f4b48e3ccb51848c81,8ebd63c5259d89021d25e42143a6d65a1b08dd72a0a7e8b04313528ef58100cd,72ec13fbab997b96f77234b15daba0d2036b429ecdf5a1cd491c2f8ce32789e8,1.1394054458129454,1.0173436165763843,17.982987530541095,18.017778168633946,17.982987530541095,0.20317137737717267,0.20317137737717267,true,true,true,true,UNPROVEN,B_RAW_RESPONSE_WITH_MISSING_CURRENT_EVIDENCE
97591,000024__shard_000__6ad5c27e798a03b8,9e7fd0ceb321a19489e6c358d5c5580c5bb8dfae3ac58a141e3bcdd1568661be,a47c7fee8d48fb48e2f5b246fe61f6ae3d5b1488dc9b10504826d70304f8d1f9,0913baa6e3fb1595a1eeac538d7fafd88cbc75bd4761c35a02e81051edc5749c,1.12886827336816,1.019094657336512,18.071665260005425,18.07441731594601,18.071665260005425,0.20596486163618483,0.20596486163618483,true,true,true,true,UNPROVEN,B_RAW_RESPONSE_WITH_MISSING_CURRENT_EVIDENCE
97592,000025__shard_000__6cbe5661c4f5a5cb,c72239f59a8ce201caedf034e562b762734a395130d5adc61efde590dcf562d1,0d6f9d835be976d54c00cbed3539eb96bb5f977b3bd3ed7bcd40bbbb3dc375f0,d6d7afc8dff53b427d2449babfbeab78ab7857d27b2b0211e73d4f0bed2b3a00,1.1431523517517592,1.048499441556733,17.946445792528873,17.691680324115637,17.691680324115637,0.20197154948692042,0.20197154948692042,true,true,true,true,UNPROVEN,B_RAW_RESPONSE_WITH_MISSING_CURRENT_EVIDENCE
97593,000026__shard_000__6f5367d7b0bda542,f30540df84766f845017d9e8501422144fe2b9e4de0a0137cdf479032ec03c0d,464e56742b4a6ed3b91914ebfa8518aee551154efe9862307d32722e67f28620,773c80e626b3e8a07cc763e1c121502f603f65123434479c851c3a297d7802f1,1.1319125788126783,1.0282408842823745,18.019687644027986,18.01338653998704,18.01338653998704,0.20577462134273677,0.20577462134273677,true,true,true,true,UNPROVEN,B_RAW_RESPONSE_WITH_MISSING_CURRENT_EVIDENCE
97594,000027__shard_000__723d746ecbb4b106,ea753cfba71f5536764eb439e3e27391fc6a97ba623b2a59ed050811d1e4e709,187897cc6e4238fffd6435d8d894d0e2dc812c9e5ff692609265c18d69513e10,7c95bb356a2f8b0471c49663fa577e86805d25c114b8cd3b950b64710f4c1137,1.137257022482539,1.0207618351912457,18.02835260882594,18.140951325340662,18.02835260882594,0.2019246763685938,0.2019246763685938,true,true,true,true,UNPROVEN,B_RAW_RESPONSE_WITH_MISSING_CURRENT_EVIDENCE
97595,000028__shard_000__780143637775bdde,7b386f6ab20aabe6fbce6845b415cc63fd9722772f799c387a95f030ed99a858,d5c427038a6099fafd5f89a5a43fb10de98e2af9ab0332d0479781cf4f310c9a,979fd31a9f0b77fbebf1957717509b674532182af15d163474236df9e57a014a,1.1212767220722413,1.0300699641654592,18.10400588753529,17.96563640732842,17.96563640732842,0.20183415155626813,0.20183415155626813,true,true,true,true,UNPROVEN,B_RAW_RESPONSE_WITH_MISSING_CURRENT_EVIDENCE
97596,000029__shard_000__79401f8c7f21b87b,2475d2ceb4af381b833f1f511180f7bed28ce3af96363f38611fda6628fb5fff,0fee653619809a053011100318be563cd6551956f3f9e92c2b46a534335cc0f4,66b9701732a3d72ef01c74c842280d7a0a52f6e30e4fcaf92e67e75d8ff02e6c,1.1379588906517628,1.0544593278747296,17.801244612790864,17.529560368555703,17.529560368555703,0.2072637672835308,0.2072637672835308,true,true,true,true,UNPROVEN,B_RAW_RESPONSE_WITH_MISSING_CURRENT_EVIDENCE
97597,000030__shard_000__7a37377419ffba1b,c2bfcf0a8a4540ba0c4d4333e8e905e5ed75dd29f13e2baaefe440c513f11b78,bdca828cb61e6b4f1753ad1c37f30cc7fc3ad7fc84d29b890a1ef58e9e7480f6,b99b4408bc3b108105c94d1d78066bf18eaba635fc292b14f78d03655e4a252c,1.1312745630498702,1.0200387398357669,18.01678594490143,18.0659692263424,18.01678594490143,0.20454220911089052,0.20454220911089052,true,true,true,true,UNPROVEN,B_RAW_RESPONSE_WITH_MISSING_CURRENT_EVIDENCE
97598,000031__shard_000__7bd8c7bf9585aef6,b6b91fb8b4043e2538434e48e5331d5adf55e71c2847003a86170b6aead72506,49641c56681b6a1f091909010c3446ba7a69bb10a46d6366d27f38b16a1b42fb,270c3ff67bc21153ec43b4157eeb2e1377606ef29744837db2ebbe90311e0639,1.1561921701484885,1.0134275240802832,17.847345198564778,18.091728548851897,17.847345198564778,0.2026309853860779,0.2026309853860779,true,true,true,true,UNPROVEN,B_RAW_RESPONSE_WITH_MISSING_CURRENT_EVIDENCE
97599,000032__shard_000__800130c1d432f63d,31c7288153681acbb3d8fe411fef5d557898cf5ee8998edba4651baa6cf41cf6,80240353daa3e7b3a27223b2ffcd8747a3c7126f350b52a2ee00a2ad79f0d2cd,bd0c2d3e2635cc0eac995a0a651331970ccabefeba46995b4c009aae64e7ff20,1.15342782025724,1.026796309263324,17.898615186487124,17.94863302094651,17.898615186487124,0.20230259281684668,0.20230259281684668,true,true,true,true,UNPROVEN,B_RAW_RESPONSE_WITH_MISSING_CURRENT_EVIDENCE
97600,000033__shard_000__80282fe3bf895b6c,8019b4c1e84f158ad3d3b95537553ac5fd9d69ec82e416bead159d4069489f14,faadcca3f0cc20b1e656a11b837361d02537862a70f46b87c2b1e7f87ff71c86,71a6541ff81667ab318ae44a8d139d7d0e8e7648c3022f99cb6f79fffbb6285c,1.128484509593382,1.013438630868161,17.881916339978734,18.00812497132969,17.881916339978734,0.20314555771733186,0.20314555771733186,true,true,true,true,UNPROVEN,B_RAW_RESPONSE_WITH_MISSING_CURRENT_EVIDENCE
97601,000034__shard_000__804c70975d3b2cac,27f8ba57e2857a1865484e29312828339a80e223c1ce5ec99c997d27c4a4ec39,3aeacf3fa7a0394cd03b43a7ec319e9fb32f0edb13fb3792964d97a879d19515,83649745cfe8ffcfa33439159363756fda9d5bad937f7f72f340aca5a64ca9f1,1.1435248124581712,1.0175947650415669,17.953058239031616,18.26094216950233,17.953058239031616,0.19849610984743557,0.19849610984743557,true,false,true,true,UNPROVEN,B_RAW_RESPONSE_WITH_MISSING_CURRENT_EVIDENCE
97602,000035__shard_000__83dadab53ca67a69,c9e51b4aa3344c3b846d49d1a630d2bd2c7e07aec704cd4040088ccbdefb2d0e,e9125929fd52f40b6643a16141ec4563ab21098726d354ceffb0553406cfee0a,3def91084f239d6fdca103b42221ba4f878fe8714a519519c800598a6753092e,1.1407192839121558,1.0181955207804894,17.962221725288675,18.021173467858553,17.962221725288675,0.20615277622637315,0.20615277622637315,true,true,true,true,UNPROVEN,B_RAW_RESPONSE_WITH_MISSING_CURRENT_EVIDENCE
97603,000036__shard_000__84168b0a91b0db1a,6a885856b363cdb2a352d684f2b52d0d4a358c8277089f889852e4e117a49b07,2deb53b2cfb5ed15e3bdfd977cff8c1bf12e196a2e0d8ae01a631350768b7d03,45e3b8186207ac3d1f3e83e5f18672c8c8647bf192c919cd920b0c39a57ceaa3,1.1398886541663245,1.0183687860386614,17.958477476050604,18.06265472397252,17.958477476050604,0.20312158799990776,0.20312158799990776,true,true,true,true,UNPROVEN,B_RAW_RESPONSE_WITH_MISSING_CURRENT_EVIDENCE
97604,000037__shard_000__8e7f9296fc52c812,80057d0b7ddc6e403a8582d0310b37ff9ac4a39c2c0d9e9c6f42b897fc3df689,73cd43a8246e1de6731e450ec4a5d66c3cc106f1990ddf708045fb7496c702cb,be84daa8d479e06595c54f14772543b4098cd16dfa1d88ede18949efdf355959,1.1100731702452196,1.0262876424643732,18.178573804656157,17.915211243549372,17.915211243549372,0.20070574704353417,0.20070574704353417,true,true,true,true,UNPROVEN,B_RAW_RESPONSE_WITH_MISSING_CURRENT_EVIDENCE
97605,000038__shard_000__9153ca58d2e48610,e6fb598d6f0a9e998721f7a7e1b65f96bd31fed3f9d12b8b3ee0bbe2ec63aeed,89b80f1a0df318b231eed99fc1ae4bab124ddda4463cdfcacb2759f3e3b7d793,3b619c1fcc5ce47dd6cd984d48a8d47c47af1bb5e7f5789380d826227db02b7b,1.1287927149755044,1.0073633930303982,17.921489233085907,18.17293837901824,17.921489233085907,0.2012667335946563,0.2012667335946563,true,true,true,true,UNPROVEN,B_RAW_RESPONSE_WITH_MISSING_CURRENT_EVIDENCE
97606,000039__shard_000__934b499601adfb6a,f4ec294b4a3c1c799737e2616dbe343da55d41a75ddb75aeb110b243aec11c0e,941df344526263a582fcb22175a4fdfd19976fed6af8121989821ae5c49d3177,101786409bcf7ca915a21046ae31c70265f4e4a493e8328573e0589066eaf3b7,1.1072700289250714,1.026980215788652,18.251911795106704,17.915557755879444,17.915557755879444,0.20100532038721483,0.20100532038721483,true,true,true,true,UNPROVEN,B_RAW_RESPONSE_WITH_MISSING_CURRENT_EVIDENCE
97607,000040__shard_000__97e1f4e2230ecc50,e0b01a8bc47b5743841975ce6c28827932863f607a061f8ab818203a9b3fb223,9c72c95e994e8eccd5f1fe0e4832629a847c68fbea11d1cb29cf3a26158ab10c,966dd95aade3e3916d16d083075877766c3eb4c123f04b1c8cd6e7402f73247a,1.1338631491022857,1.0298981170852675,18.099765986669947,17.927436294766167,17.927436294766167,0.2052218660822678,0.2052218660822678,true,true,true,true,UNPROVEN,B_RAW_RESPONSE_WITH_MISSING_CURRENT_EVIDENCE
97608,000041__shard_000__a2127558ee063fa0,bc2dfabfe45a0136d8f7972c162138b6d175a31d1e94b8172cb669ca90d23e34,5810cbf101f307b02d185b9af7254dd4c5e5f2589b7d8c82e0c085378e09de3c,4c84fe3d0cd72525b1ebccfb24516029b17b6b2a1839b88933e90584d938e0b1,1.1497792791728867,1.042754878613263,17.947282100643612,17.776476464823514,17.776476464823514,0.20306395091909443,0.20306395091909443,true,true,true,true,UNPROVEN,B_RAW_RESPONSE_WITH_MISSING_CURRENT_EVIDENCE
97609,000042__shard_000__aab1346c167ef80e,aacb5dfc4cd349105cf7f744f0d750fe06ca8907d42086cadf24ae2292e97362,f4621579b0945156e4278468ee3a3c8af856a5a71f0a41d198a350da2dfa6fd5,9e6d8b11bcec501753af5f194592a539f73e015da94a13d4b6303cf75119a476,1.1448237425864112,1.0108940677295868,17.954634606209492,18.116194795063446,17.954634606209492,0.20251081137650742,0.20251081137650742,true,true,true,true,UNPROVEN,B_RAW_RESPONSE_WITH_MISSING_CURRENT_EVIDENCE
97610,000043__shard_000__b419431d89673df4,fbad902bf09532403e49c8106df6564bb49c0f18a1322e09a74feb9b98091539,ea2b0cb4a271c2dc38b6e20ea338f6acf00777542f68aba8803b3981b0d39c52,12cfc7c1ea15552b99df6ae5014d345d9e08ef900f6089f64b7603c1e3d82df7,1.1167670147697617,1.0185101774658114,18.120833551674014,18.005546802367043,18.005546802367043,0.2053287027695131,0.2053287027695131,true,true,true,true,UNPROVEN,B_RAW_RESPONSE_WITH_MISSING_CURRENT_EVIDENCE
97611,000044__shard_000__b622313efdbcf119,0486461c6488ff5fe07beae5a331804de658d496a51c711caf564c1a5049e351,f9e4f06328e19a3c8ae4902abd1100e792138433857f410445fe537e31c947e5,fb67cd7b3e3ed6a3b1cf1307cf5c2c941530cadd1896fd2d177dbdbc1fa09057,1.121205867783377,1.032731883774487,18.11186083445751,17.780216480887418,17.780216480887418,0.20453709667893202,0.20453709667893202,true,true,true,true,UNPROVEN,B_RAW_RESPONSE_WITH_MISSING_CURRENT_EVIDENCE
97612,000045__shard_000__ba85f9c45e98abb3,75a2881b845893872b3ce1ec6c88e2a32f68ae82dd2625672d209c680d021c73,c67adf8ac5231faddac79dfd530dca3921e69c57890ac82097a19db1c9de6616,68db3b055d45251baa1660f5f3c753620f8fccd1e5ac59a7a4ca2bb95ccffb0c,1.1210571787462789,1.0228854425491496,18.151685502051485,17.94158244383768,17.94158244383768,0.20772993696888853,0.20772993696888853,true,true,true,true,UNPROVEN,B_RAW_RESPONSE_WITH_MISSING_CURRENT_EVIDENCE
97613,000046__shard_000__c6008ac9cd62ece8,52f6409b22f4c2f50ef709c4534acac87c4ef790ed5a2d5d03bcc9a1c50bfc55,55409dd7d12c64e7cb8e9de03939b99c50bd5c5a6ea5900221c15bded0445508,2257aa584453f1c45509f0cf9ef162372dd57926ddd752830b090c0f1a852bbd,1.1287639869143937,1.0246340350912706,18.072659334584596,18.009562967481177,18.009562967481177,0.20352649676995724,0.20352649676995724,true,true,true,true,UNPROVEN,B_RAW_RESPONSE_WITH_MISSING_CURRENT_EVIDENCE
97614,000047__shard_000__c7524a5165d66195,8d68ea9da7c891799a554d72724a5d1c64e99e5976cbf7f0ee4c35c9844e42fc,102a382c29865db6a35925eb412832ee2a4874e180e7825132f977fcc3fcd83e,a7734c0ad120ab263e4d087a8bd98cd66f57aba3f41a5ac91c3f04106c7143f8,1.1300397806503117,1.0236410325229193,17.957446128249906,18.003298515280385,17.957446128249906,0.20367522276449057,0.20367522276449057,true,true,true,true,UNPROVEN,B_RAW_RESPONSE_WITH_MISSING_CURRENT_EVIDENCE
97615,000048__shard_000__cf45ea6b19d383fb,f554b589da31462a459320bbbf5af3e4605d8d29b2b3f7910b359f63845e4ec2,2864882c143c6bd6221f141135472c2857c8eded55bbf1f69dddd0dee03f694f,586d4fcc7c32d2f4ea8ed4588222f2cfc10d285000b64c738f46d2087f3c7c63,1.136011644262583,1.0292090155782814,18.014128581826856,17.964859177275905,17.964859177275905,0.20163532466135747,0.20163532466135747,true,true,true,true,UNPROVEN,B_RAW_RESPONSE_WITH_MISSING_CURRENT_EVIDENCE
97616,000049__shard_000__cffc343524be102f,f1dd7e90b93535093cf23f46940e46e036319963b8915a601f79444c7b945202,eaa26a7afc10f2c5883e5fdcccd97b7f0bac6c562894cc94eb7aad8e3e1a3f60,1c74490afa9a39ae36213cdb1dfd24b391bdbed71bca68e9e22552fc372c1682,1.1088267810124748,1.0158536346463787,18.215147867002813,18.055314503057005,18.055314503057005,0.20457295562172206,0.20457295562172206,true,true,true,true,UNPROVEN,B_RAW_RESPONSE_WITH_MISSING_CURRENT_EVIDENCE
97617,000050__shard_000__d4754268913b6340,2b337bee526875fbf1c846f537947d1857d06ed93b2cddb337b77d1e42eee7fd,c7edcb0727893f2c550786c73f5178a1eb2e2e3eb043c8f9d94a9dae3e40d978,718f87c4b2521f2b27ba58cdfa5d645b8a3c18cae5fddcf88afd67ed0e75d27c,1.1057921039268734,1.0057366890686796,18.234583727606843,18.0821412889549,18.0821412889549,0.2017717163174835,0.2017717163174835,true,true,true,true,UNPROVEN,B_RAW_RESPONSE_WITH_MISSING_CURRENT_EVIDENCE
97618,000051__shard_000__d87ff4d971f5f26f,6edd020944e5cee688b7524d8572fa38fa60c88b39d6da63c54f257e48695a9b,5f46df97cc2e2ccb17f0ab9dd204c376851825b90c227b3b1fa9e403b2808dc9,53a3d3a15837551e41efda97179da41ba5b7080c2129d4e4374159ca887a990f,1.136788887526068,1.0064426149004004,17.99105854457685,18.257538884134334,17.99105854457685,0.20137855189683782,0.20137855189683782,true,true,true,true,UNPROVEN,B_RAW_RESPONSE_WITH_MISSING_CURRENT_EVIDENCE
97619,000052__shard_000__da537db8fc89c71a,4999ca284e43089d1b719c00a758f8f333b5379670f1b22ae2a820eec76e76c6,6adf58ce1c55da263ce84baabb83352d6aa547a11cafbb3bcf9981733f2620b1,fb78b8865635bc55680c3de8cee99759865f67058097a6f04907ee41df4fc31c,1.1410447966494475,1.0222293448442612,18.010260643276002,17.973840076521867,17.973840076521867,0.20403439637949736,0.20403439637949736,true,true,true,true,UNPROVEN,B_RAW_RESPONSE_WITH_MISSING_CURRENT_EVIDENCE
97620,000053__shard_000__db2494158b3be69c,c35126e58657266d664e00a328713327cb1eceffe8dfed6cf9b78235d7995f6b,56d6e9f4ee29a66ada670ec9389defc06bc5f6ef90dbb3635d6e5403b047f9bb,37a94e7f7fbb19a7023ae3e2a88c2e41cf19891290fe8a94c66977811d0f565a,1.1128598007256667,1.0176532227665471,18.238341254310235,18.084323298435912,18.084323298435912,0.20106866340694038,0.20106866340694038,true,true,true,true,UNPROVEN,B_RAW_RESPONSE_WITH_MISSING_CURRENT_EVIDENCE
97621,000054__shard_000__df2f2eea3eac3939,4ec61f9b12403a288480838a00b21d3f7e5f070f685bd8f8585574dd45969f6d,d1402fc5186a93d04c03f180c23c6aa850c108afc77b34ffa84508beb26fdfb6,01e5ba6c3d35842e2827e661333ee3b20c46e3996fac4f4a955f8a64d08e158a,1.119739519844604,1.0230973308120115,18.090806508922817,18.003650390699995,18.003650390699995,0.2047686101780226,0.2047686101780226,true,true,true,true,UNPROVEN,B_RAW_RESPONSE_WITH_MISSING_CURRENT_EVIDENCE
97622,000055__shard_000__e43a794f45988c94,27fc0d4c723e1b8726069a3322c726ae20540ce1f78ee84cdc26227fa21292f4,767f48c03417f5a300ace1328fdbe8a7c216946e443fb8683756f5d66ae97ebd,44a7daad6b242b4e268c0a62f64bcb7ae9843693e13d7e67e14848869e08049f,1.1135834005758571,1.029058701046087,18.130098980321776,17.949539060608007,17.949539060608007,0.20409775875054015,0.20409775875054015,true,true,true,true,UNPROVEN,B_RAW_RESPONSE_WITH_MISSING_CURRENT_EVIDENCE
97623,000056__shard_000__e5fccfed2cc89d20,f76b4179758b902e7c0fab7905d2ef3e3a04ecb5b5ca0fd5940d3de4015ed92f,6caa360c59d9a3a519d1ea2e7a69db561c95773c5d00b50270f653349a21b743,84f4e43030abb5802855eba24993c219b7bcf962f67bf7af662447ef47a33483,1.1401790115751231,1.045203516916886,18.000886985236196,17.711240565499633,17.711240565499633,0.20474754474510298,0.20474754474510298,true,true,true,true,UNPROVEN,B_RAW_RESPONSE_WITH_MISSING_CURRENT_EVIDENCE
97624,000057__shard_000__e601d12b0ecd460d,f3201da256a443113228f6c56f6c8b90252b927d90459e3fd88d771b31f189a5,c07c2343f9e499ba3012e12b75315560e32d41963eeaea1ca0684d6a4098a7b5,184f2044e2413ab1b01ed08e64993bf2a6276ad47bfd7e8a9d3d3e890ea4bac8,1.1377417310315474,1.0183420625231692,17.996887324854505,18.063044257909652,17.996887324854505,0.20115000881759465,0.20115000881759465,true,true,true,true,UNPROVEN,B_RAW_RESPONSE_WITH_MISSING_CURRENT_EVIDENCE
97625,000058__shard_000__e86ed63e1bac9e9b,9d831ca13bca5e416cbdac946e8b4d52886526c61c15a0d4bb46906f7d1754a5,4a4b925533ca60585080f966ad108ddf06f61e513993fc64a562142091e1ef24,f6afde09d184e9a3aa63e1c8abd0fce186e449c3f6bf13c46db7f0efbcc04d46,1.1298729839999826,1.0216628005586754,18.076398636234618,18.008873401036,18.008873401036,0.2034664900690624,0.2034664900690624,true,true,true,true,UNPROVEN,B_RAW_RESPONSE_WITH_MISSING_CURRENT_EVIDENCE
97626,000059__shard_000__eeb4fd90ebb03546,c603c0399c9c43e5778b834cedca84886d0f835293288bcf4af8a23876cc7a3c,2369042360b60f72c9b0b91464f5b33e573aab937a9d5dd8fd84233c238e201a,72d85ef030d1156d80cd2c3fe1468d1cebcfdf72adf3bd87a6c593e10ea67e6b,1.1298552508358866,1.0389536391216272,18.078120507496138,17.75822965148958,17.75822965148958,0.20507500824920602,0.20507500824920602,true,true,true,true,UNPROVEN,B_RAW_RESPONSE_WITH_MISSING_CURRENT_EVIDENCE
97627,000060__shard_000__eef40a4c9480e949,1e561489b6afce4b19cd5d356710409f76a4612a11aa65358b756483a57fd230,c0c33e1c54885cea660dfe3dcba8f082a2cd60e88c1a50e0af79dc92431819d2,861d4139ee9fa347823db122805a9ad5289e54f22ea22394a4fe34a9a6f58fdc,1.144433675857347,1.0153703180730913,17.768793273948162,18.02149949426836,17.768793273948162,0.2029922106695961,0.2029922106695961,true,true,true,true,UNPROVEN,B_RAW_RESPONSE_WITH_MISSING_CURRENT_EVIDENCE
97628,000061__shard_000__f29106071bb32f8c,08e0c676ea4f9639b384ca348336f6d3fd3e4be367d9b756e337c9fd5e5229f7,a8c7d1547302126e6223e9796f1c964f8c69a7a5ce3ec2ed1f268698675f29b0,2dd2505b308a276e307d8126b0dfc7c663705857befb8851468877b589a83eb0,1.1171062927092492,1.0239340389459768,17.962520776634122,18.05932900809401,17.962520776634122,0.20173271852510796,0.20173271852510796,true,true,true,true,UNPROVEN,B_RAW_RESPONSE_WITH_MISSING_CURRENT_EVIDENCE
97629,000062__shard_000__f693a1b596d4cf90,cbd51f3b98d453de440c6aef5099d29b869e1cbcb490c0fd92b2cca8d49ad275,b127d49cb18a75b231f256686c84812775e0f0df28229ce4e007fc9af1d76e23,4efbe8f28ed51e00c2ea5c4e2fe4bd21e5f12bdb92bfd91f9902cfbc1aa9cf78,1.124900269831347,1.005240630464141,18.097021453418797,18.099264737734934,18.097021453418797,0.20247117188061772,0.20247117188061772,true,true,true,true,UNPROVEN,B_RAW_RESPONSE_WITH_MISSING_CURRENT_EVIDENCE
97630,000063__shard_000__f75b31610d0b91b3,10d1b0b9719dc711aacf8be538f57df6f55bb1c5cba0dd040b64349071814191,d65a371af0d358f326208cbd59c46013ba7e4f3267bae4dc4c04cd48f573d242,2f0f658904e8ef32405c367bbc37b0628705c618dcc8b7b3e6a0a8c4fae277a4,1.1503595957479194,1.0167518155233761,17.905830603111372,18.165017793618684,17.905830603111372,0.20496817176119542,0.20496817176119542,true,true,true,true,UNPROVEN,B_RAW_RESPONSE_WITH_MISSING_CURRENT_EVIDENCE
97631,000064__shard_001__00fa34cc8238a05d,f23f83e30bae1b92b3d42f635d0b4f728e731625485448c96d3502c5fe649648,37922a5177a5593f0cd0a02a746e5c76e11f351a7d5981b0a7cf7a4989851f16,e3b7b7a89e24fb42bacc1f3077a9473df2223c7974eb951952c5266e94f070e5,1.1253747462092014,1.0276081316691348,18.078497872845315,17.95908695464557,17.95908695464557,0.20493154069082176,0.20493154069082176,true,true,true,true,UNPROVEN,B_RAW_RESPONSE_WITH_MISSING_CURRENT_EVIDENCE
97632,000065__shard_001__01b4d8379b0cd77a,9e97b50a3face8d1b471488845d67f84be49abc46a7471c96780e8879673de44,340fb73ef08493db0806d7fd423864ab46ef2ff0be4cb0933a3903f632df0e49,e5828c8b36577832e98464449ca3d68ef24fdf9a1e2aaaf87800862012a0aa6e,1.1282512075312219,1.0125787110832933,18.069954582321195,17.951981498883182,17.951981498883182,0.2036604019896504,0.2036604019896504,true,true,true,true,UNPROVEN,B_RAW_RESPONSE_WITH_MISSING_CURRENT_EVIDENCE
97633,000066__shard_001__0f2ff1f470ea0299,27f69512e39f986aeae6b5dfd92306f8a901b06b38e5045d27382a2518026216,a8d2550a21f650ffb2baf95046616d007a5d09cc0d2632ff53f2b118393e7b18,5977c9b8dd91d49e3faf3ec17479851d695a4404c57c0776641ed8ce769caf22,1.125833448901916,1.0126109703354083,18.034034295359284,18.18706296465335,18.034034295359284,0.2019613852389374,0.2019613852389374,true,true,true,true,UNPROVEN,B_RAW_RESPONSE_WITH_MISSING_CURRENT_EVIDENCE
97634,000067__shard_001__0fbe51268b170f80,2d27755b8c25a1f9081c468c9fd565a18ad8991df1b09798e87ea832cff60130,bab6f42b0d739210c4bbc1b76913a5f44a48550725edec969a2433bd6a8b3d89,ba8e5667b53395678d907745fef3827601bf686b7a8057355b5a107454c8dfa9,1.1183901699607641,1.0311704738512113,18.207806161482043,17.86636436865681,17.86636436865681,0.20410928908579054,0.20410928908579054,true,true,true,true,UNPROVEN,B_RAW_RESPONSE_WITH_MISSING_CURRENT_EVIDENCE
97635,000068__shard_001__10d36e69bd43fa3e,c5245268b6ece7e7ef5183914f5f35320dcd4676a275dd0739a6f804ee293a31,cd4ade8f5d7c39b50b63027433ebf668239c71d28c6a956ded1a6f3cb18e30dc,71b27531c4e41a024001e2a04034df75fa20fe5124f859a8f66a88b9c3726886,1.1111041764801868,1.0157237073382728,18.138283409377028,18.00817725749717,18.00817725749717,0.20354054131199797,0.20354054131199797,true,true,true,true,UNPROVEN,B_RAW_RESPONSE_WITH_MISSING_CURRENT_EVIDENCE
97636,000069__shard_001__13c401225d33b184,1b5b11066073f2db2fc768eddba531832742cd87692f61c58e881189bba12e7c,8af911789e0efdcfd8a856782240e5c055224179c597e9e30e4f2c8faf7a2b44,a822ad1c7e4d9f32737c9b1daca92b1fd30f4f1d33b307e321b97f337062cbad,1.1250494985757469,1.0357521444717988,18.12478224479777,17.728454611620705,17.728454611620705,0.2035902170687764,0.2035902170687764,true,true,true,true,UNPROVEN,B_RAW_RESPONSE_WITH_MISSING_CURRENT_EVIDENCE
97637,000070__shard_001__14861f5580786011,840a7f9c3c44de8e4708c179473525e5504dfd9c6fd9bba948852f254c996ae6,6d20b8c6e7f1737a09ba080d62934e2dd7212daa9a764cc928c7f6b8274c8c81,028178c072dd563f9938e8662511f7938db4da02ced288c4230a1ff664587fd2,1.1292383484028277,1.0224495025570768,18.118641206691674,18.02711425344523,18.02711425344523,0.19772773247023873,0.19772773247023873,true,false,true,true,UNPROVEN,B_RAW_RESPONSE_WITH_MISSING_CURRENT_EVIDENCE
97638,000071__shard_001__1d98202075445c59,862e46f5819ffc3a4f7e488e3b74ea870f2da3056936cb618a945bf34ada49fb,21c25861a52b606c2ec79d1f42de58313fa8d880b51551b41e32362e14058c1a,b17f5361ed3e15cb43d72aa71ceca2b62d416fd3612bdde2d8970b4810edf5e8,1.1289159577057348,1.018997483108575,18.089478239863205,18.110064218500828,18.089478239863205,0.19974009112813781,0.19974009112813781,true,false,true,true,UNPROVEN,B_RAW_RESPONSE_WITH_MISSING_CURRENT_EVIDENCE
97639,000072__shard_001__220579c33479e3bc,c1ddc65c6a6082d45923134bfb35791da6b90ba90a463e15147a0181c573f564,65cb34c906687eebb65f3b5133aba261ae9eebc2bcc9f74f03bed6623c54bab5,3205dd52beb75325c8ef82feb5e8de1b7ce2d1f14afa3b17881ba3c8491a3385,1.1278324336048733,1.0097504529508716,18.058897551039056,18.132395694340133,18.058897551039056,0.20188255883409056,0.20188255883409056,true,true,true,true,UNPROVEN,B_RAW_RESPONSE_WITH_MISSING_CURRENT_EVIDENCE
97640,000073__shard_001__242fa36a68c73ada,afdf2c3900da4675fe0759e89ce8fa7715cab6dd36f082c1368aa359202b4dff,82aba145c6b325317bce28bf3db09b0301e48dee821e66180cbd1f3184fed4c4,4cdfb5b7aa7f001244740bad59155c9a9363b9b69245a1288d11e15ba4f4aa2d,1.1560630763193889,1.0209864832662907,17.68101494951819,18.05622778573956,17.68101494951819,0.20336908580758942,0.20336908580758942,true,true,true,true,UNPROVEN,B_RAW_RESPONSE_WITH_MISSING_CURRENT_EVIDENCE
97641,000074__shard_001__28293cb887fa355b,450853087c5a9851dc102e6735f58bb505a1918f293975b801e5f63bf87b5039,044d44b5e81397f210beda4f65e6fb33851401a734ff5a49f85cc9edfd33e8e1,ccd6e05f3d75cd3bbebcbf47cd0571cbf654cb262cf27662043e84b5d43e92fb,1.1368209390460893,1.0218477368757337,17.866635878828607,18.00573813443283,17.866635878828607,0.1983715564408071,0.1983715564408071,true,false,true,true,UNPROVEN,B_RAW_RESPONSE_WITH_MISSING_CURRENT_EVIDENCE
97642,000075__shard_001__2e839c33a834d106,77de8562a84dd02c4111e2c85d96f403d697f2e4a76603f355402845c31e5e79,baf708b7e88dd39181e44b2379d201774a5e6804525e98fb203a8d5cd6c16fc9,a9859aae41c82b2d2b423e0cac36a5df0dd560ec25c8784ce0f512b11d6c8371,1.107006181877333,0.9935520613120663,18.196500821000075,18.28250667826981,18.196500821000075,0.20338444825346777,0.20338444825346777,true,true,true,true,UNPROVEN,B_RAW_RESPONSE_WITH_MISSING_CURRENT_EVIDENCE
97643,000076__shard_001__2fe5733f1fb46899,d1e51aad32ccf927426572b61da0a833da798ef827267a986f632f433d2b7de1,12cdabaa42edec7ab12a2e73699e9f40e85e87172f8faa00509a69ad4b5ed96b,982d67c34f1da5311fdc3db6c0783001ff47cb8e69ef6a03202587af83fbff03,1.134766348604236,1.0456950396878764,17.99964383114076,17.63677026968801,17.63677026968801,0.20445994339675883,0.20445994339675883,true,true,true,true,UNPROVEN,B_RAW_RESPONSE_WITH_MISSING_CURRENT_EVIDENCE
97644,000077__shard_001__32aade9768b03497,320cffd0c3d11eb00879de9d6f1a40795cb707ea60253d07a354d22fc7b5c2e2,cfa91a294704391b3a432e7c47fe456276fba31296647a53efe0a9d4bea46ade,a6cb4ccb5740a0a668e91a11d57b570f9b7e359bcfbda4bc5688360abe39c555,1.1243504519372987,1.028429977686429,18.20956283880377,17.859846782332802,17.859846782332802,0.2077485009357959,0.2077485009357959,true,true,true,true,UNPROVEN,B_RAW_RESPONSE_WITH_MISSING_CURRENT_EVIDENCE
97645,000078__shard_001__3e98b35bd54a8d13,a1de33d7f8da71ad007aac8a47bdfad9cde1db584ec6aac91f44a72555126255,8608ea6d3018f91b53ccef50ec1e4e67d2a26f409171fe2c681bae128dd69871,b05c7953e0f079201c5eb94153aa72c448e37f870ad3cee5f349cc216f2dbbbe,1.107218848193485,1.0398034088381825,18.182074149123817,17.786867301791624,17.786867301791624,0.20385212514048118,0.20385212514048118,true,true,true,true,UNPROVEN,B_RAW_RESPONSE_WITH_MISSING_CURRENT_EVIDENCE
97646,000079__shard_001__40220602fd9bcc95,e80d0fea84fc86495401ec7b86af09b011b17262ef66a88a31d4d2159a23b6be,2729abf86d8065fad3e25781b839c79f4837f5937c887135ffc6a70acb133e96,6282c87b2cc0b3853ae06b73b5773d07999fd4ad5f6bea0fa8aa1321650f71d0,1.1309129352854594,1.0243283487285515,18.070469151576724,17.89359703807923,17.89359703807923,0.2042236104851202,0.2042236104851202,true,true,true,true,UNPROVEN,B_RAW_RESPONSE_WITH_MISSING_CURRENT_EVIDENCE
97647,000080__shard_001__493b0d2867295125,335559ae90eef9c1572e7cd3b91eddba378c94956f2b64d1fdff2bcf1a378f3f,6263e1ce69b1de56a8e6d430cd8089d887ea622fe2376ee71bb0be6cf5bb550c,2867bfaa154403f5920828fd74f097f8fab39f9a10e9bd4f2f7496654933dba8,1.101214892515653,1.0274264682975702,18.28179515795154,17.854338436618846,17.854338436618846,0.20495706485303575,0.20495706485303575,true,true,true,true,UNPROVEN,B_RAW_RESPONSE_WITH_MISSING_CURRENT_EVIDENCE
97648,000081__shard_001__527c2b6b2c426182,857e5bcbfff2a2c86776acafdd2e98af9e87c1216befd2ec9e6a871b1dbc748a,f70f4c057186ba4e5d0abb94b570dc66c0eda446da521b35fb0260067f55803e,7df853a690e5f094c8e071c403aedd7b396b829c3aa958f541aab5b46c1fad53,1.1321326472352367,1.0389948840465897,18.08069816437279,17.864279303329884,17.864279303329884,0.20082513121633505,0.20082513121633505,true,true,true,true,UNPROVEN,B_RAW_RESPONSE_WITH_MISSING_CURRENT_EVIDENCE
97649,000082__shard_001__53e2edbf71f64ada,b664e968cb4204f203383ae73dbf3889c71700111b6cc5f5975711d609687409,dc0de99c2c3beb43252cab09eb39ed6b2f71c210f9e8d28248fe6acf56933350,8742fdbd1f9658c947cf45824b70f21994ef27da6103f56040a38e0d6e9d043d,1.126589612887815,1.0324856099254653,18.145649336726574,17.881617054727613,17.881617054727613,0.20034068997969695,0.20034068997969695,true,true,true,true,UNPROVEN,B_RAW_RESPONSE_WITH_MISSING_CURRENT_EVIDENCE
97650,000083__shard_001__5ab9a438f342f18a,3d361609cee984632eea4737b7b8bb138a684aed93e5d04e4941d15cc6ff02e1,8f750b3458c5cced7910e157d4778c73c016da3c23aafe631f3815de7be846ba,2737373e48f657a07c1f7ab921f638f3eeced63ebf2c9a11130e43075ba6e2af,1.1420462734261967,1.0484446276741692,17.979723123732256,17.682014839293643,17.682014839293643,0.20260139058996782,0.20260139058996782,true,true,true,true,UNPROVEN,B_RAW_RESPONSE_WITH_MISSING_CURRENT_EVIDENCE
97651,000084__shard_001__5c269f355ee2768e,10ee90b99a390056a75feb0429e615126c420bb39dc653a5c55fc01f1437ea59,0e6ee13bf9676e7aa80137931ea46a018bbb54c9cda0b936334d8a9caf2877cc,7a7012ad57003cf2addc9efe157a813c79cb18626b243b7cd6195f61b5f9bc48,1.1192296733507825,1.0106790993498516,18.21460877990555,18.02041332675538,18.02041332675538,0.20428412462197676,0.20428412462197676,true,true,true,true,UNPROVEN,B_RAW_RESPONSE_WITH_MISSING_CURRENT_EVIDENCE
97652,000085__shard_001__5eb3a38ed7b8e794,b696e9879a1e2e7fab735beb173f68fac28b157eb94bc3f3c9c1980a643ff412,c66cecc22661d5abdf143f28f8f6a1841195d5bfe8c30317622fdbce7377ea52,46547ac012e86cd4a489c3d68adbbbcfe815938e082352f5a66d55b69ad923b3,1.1440902602380905,1.013052054322613,17.95832436966006,18.221265702633268,17.95832436966006,0.2035021887294601,0.2035021887294601,true,true,true,true,UNPROVEN,B_RAW_RESPONSE_WITH_MISSING_CURRENT_EVIDENCE
97653,000086__shard_001__6036d4285e6c76cb,b75c8811bc83f5ce21bcc6687e8c5946a08b3c34411c1fc2d7ec21252ef379a9,2ddf4bc0bc484c8673eef10f811a7f7f0130b5efcaf0edf3d935b8880ebd9a6b,af7b524eb98719b493163f4b150057eeba23e2866e5b0f93b0c842118b881550,1.1156122850967136,1.0362832364335368,18.16848491615879,17.833403819968517,17.833403819968517,0.20531510990780522,0.20531510990780522,true,true,true,true,UNPROVEN,B_RAW_RESPONSE_WITH_MISSING_CURRENT_EVIDENCE
97654,000087__shard_001__6cf052ea05a93a43,f33ad5b053241dcca8c0e9b95adbc60763d09d37d997f051c94f75df93ad8abc,c01deadc857200142716d1c45c9bee4b1a593b73781f18b648c3f697d25b2ade,4b056f5f4335f3169104a24ff1c39ebd500f0924491f8ceb7bff87a2eb74ba31,1.1453742999826177,1.0195034385709587,17.934452999916015,18.11404777360182,17.934452999916015,0.2039281602291446,0.2039281602291446,true,true,true,true,UNPROVEN,B_RAW_RESPONSE_WITH_MISSING_CURRENT_EVIDENCE
97655,000088__shard_001__6d235911117d8580,294f8c6a2edcc452bb1a29c8d1848807a40a5983d5f067f70e5f8ccdde778c51,83808482311799f31a3a25b60d1928284fac2269c22fd45c629c43062a27ff25,7b2e5515eccec4b77f18b653f226b02e08345c92027121e65cf9c3e34b88cb37,1.1000554520875767,1.02655105692221,18.337059373446074,17.961192206738286,17.961192206738286,0.2009818166410384,0.2009818166410384,true,true,true,true,UNPROVEN,B_RAW_RESPONSE_WITH_MISSING_CURRENT_EVIDENCE
97656,000089__shard_001__6ff77d21846aadb5,6dac2c01059825f19f2f018f45657e5475991366b3f01881aae1455500a7898a,52161baf436c7f263061774eadf0b70b5511890544733b1fe79ea145a50235da,c0ba96c924f56d6370b3aa9014f730b752f77fabcb460c3fbc09985d17d2d785,1.1348306542104347,1.0255971019279324,17.87388121005459,18.004866654034362,17.87388121005459,0.19712787490094844,0.19712787490094844,true,false,true,true,UNPROVEN,B_RAW_RESPONSE_WITH_MISSING_CURRENT_EVIDENCE
97657,000090__shard_001__7187ae0e60dafd43,f6bbec723e1b17e3de6ff889ca6d05ab5c28fc486c3ecc944a677a8c31b9c62e,714b8958349ed10c20034c58713845cd4f399e159515c236f02fb475c1325705,e9e26b66d03ac5db7cc4ec1c0190818a6159f41995b2288134076692d9f42035,1.1342539007938808,1.0291528212581307,17.976232412849427,17.924122457454626,17.924122457454626,0.20052970513577228,0.20052970513577228,true,true,true,true,UNPROVEN,B_RAW_RESPONSE_WITH_MISSING_CURRENT_EVIDENCE
97658,000091__shard_001__74ea6cbc06815221,de6123a94e3f46be36681f577bb9f7e623d7e0994f0be33f34843c0623c6217b,e67a50857ce32021203d91a4de2e5242ebf0fed9aebbde37d693efa73a5d5e31,9500d1cc319d00229f88523839ff30c7dd5f60b6fc978b33ef8d23797526acd5,1.1625270265456065,1.0179175018964735,17.79416621188007,18.072235724140672,17.79416621188007,0.20304229902959076,0.20304229902959076,true,true,true,true,UNPROVEN,B_RAW_RESPONSE_WITH_MISSING_CURRENT_EVIDENCE
97659,000092__shard_001__7649c8cb13850369,b5dc4a5a3c60d00bccb9615b85df113a96a505bc9369ec5f1125ac21fb6ac0ad,ac9d7af167b4671b6b6641df2de727af7d293878028f88903ec00915ed2758f6,daa28df563de966ed0de56cac229f46314fa21c65736ec27389d354723f5e701,1.1279978160335549,1.047326778795477,18.0847299351581,17.72886685519372,17.72886685519372,0.20428614082418978,0.20428614082418978,true,true,true,true,UNPROVEN,B_RAW_RESPONSE_WITH_MISSING_CURRENT_EVIDENCE
97660,000093__shard_001__786f0d302a75e587,c3115bf68f12c8b0c6dfbb521b11a0fde2100d9dfa3a0d3cccacf347cf450195,1f44a6b55cd408ec4df585a479e613060f18903940ee812cf11906cff29ca4ea,6303ba8d445a305d6bce514006438ead848964c8ac6cef1a2d18bae65d8b1e6c,1.1228538866242894,1.0179074732187083,18.07579375723968,18.006596955972093,18.006596955972093,0.20137334047167713,0.20137334047167713,true,true,true,true,UNPROVEN,B_RAW_RESPONSE_WITH_MISSING_CURRENT_EVIDENCE
97661,000094__shard_001__8518e3816a6fd7cb,a47e6091807fbe2f27a99f1969a130ae698c9e24edd14bc25ac55320762e09c8,096aace4f075042ea9b88742b56bf36189db52dff2db6e24843d10da7604c319,3479c1907b4c44d0325dc7d3b7529a236b9144db2484940bc08ccfd917759bc0,1.1305304649055166,1.0250438750141808,18.142124322060543,18.117144299125258,18.117144299125258,0.1986443579441821,0.1986443579441821,true,false,true,true,UNPROVEN,B_RAW_RESPONSE_WITH_MISSING_CURRENT_EVIDENCE
97662,000095__shard_001__8eb79af73737b33a,1a69e14ef2500e469f392cd3b42ffa303bc07c537fcba7c80c0673b15a402020,000559a1838d011f3586db450e42c86ff0927e3b1915c4fb1dc10409230aeb72,1b43e3cd396cb325d1c6de348405e0011b410134f94f0e08e8f9b41bec98199e,1.1490508706459257,1.032972155139636,17.942303320952515,18.044948050273504,17.942303320952515,0.2013865358782681,0.2013865358782681,true,true,true,true,UNPROVEN,B_RAW_RESPONSE_WITH_MISSING_CURRENT_EVIDENCE
97663,000096__shard_001__922600c2d51fe5ac,db7fec51c7fd64aa10f2dc1814bf7e9f3463d61e337cd6ba813c6685da125df9,2d1e7c2a6f4527a6186c1e0ec00f764f0226cb1272c7c85f835dd8b9e0b5015a,20a474fd9af0533f6324e06f718ceae2b1665ee333d8174c84e08efe052f735e,1.118444544143921,1.0319695470536625,18.16571339933755,17.83855444812392,17.83855444812392,0.20584739367849564,0.20584739367849564,true,true,true,true,UNPROVEN,B_RAW_RESPONSE_WITH_MISSING_CURRENT_EVIDENCE
97664,000097__shard_001__94ffddde14e2b736,7c43a3a8a5b7392b3e5761dcfaa5ba08e9e0cafef0cf0ce279390650a41e2732,06d035754c20f24c71f63fdc99b2141b2bc90ec40f30e0cf1674d17099dbfbc9,52aa5f351a773ad0a3a144ec87b2c7201485d32d60c6c622f1c42e4477a0d67b,1.1048994863573187,1.0205409805707755,18.329347192491802,18.118189493984215,18.118189493984215,0.2011894491701177,0.2011894491701177,true,true,true,true,UNPROVEN,B_RAW_RESPONSE_WITH_MISSING_CURRENT_EVIDENCE
97665,000098__shard_001__953f77a3b4047747,7dfb6765ebdf1e3e7df999181ad3a1a0bf0b3d06b50b81932d0bc5c95ef261a4,db0d3575fe9a314d4f1a283bbe7c0464c2aee0c7f8c89a0c7ac7d13d921090ab,eb03120b6764afe77b034086c026d3809a59ebe43258f821de4f71812a0a3bb3,1.099793114553727,1.0041680587489097,18.344015029949254,18.227431888122346,18.227431888122346,0.20357180690535032,0.20357180690535032,true,true,true,true,UNPROVEN,B_RAW_RESPONSE_WITH_MISSING_CURRENT_EVIDENCE
97666,000099__shard_001__99e5c3f49917ebcc,f962dfca5a554dcc48e7bd5e5b961717ab1baa29648f3be0f910c59851039029,b8c7d3d9c2198ab7fff697278175246af58a4d88dc79ee5a4c15da4af91aced8,1e5a1657dc21b99f871a64e7fdf02199de9fde4a785cea7e3785bff9e146ff6c,1.1324862631350665,1.0195051238324582,18.02252197468527,18.112907260477346,18.02252197468527,0.19803237631321793,0.19803237631321793,true,false,true,true,UNPROVEN,B_RAW_RESPONSE_WITH_MISSING_CURRENT_EVIDENCE
