frequency_ghz,q,eligible_train_n,neighborhood_lower_inclusive,neighborhood_upper_exclusive,local_train_n,fraction_of_eligible_train,count_status,nominal_q_in_marginal_range,q_train_min,q_train_max,below_window_n,above_or_equal_window_n
5,10,6015,9.5,10.5,1340,0.2227763923524522,COUNT_ONLY,True,5.173637362199892,12.461568573394104,3894,0
5,11,6015,10.5,11.5,681,0.11321695760598503,COUNT_ONLY,True,5.173637362199892,12.461568573394104,3894,0
5,12,6015,11.5,12.5,100,0.01662510390689942,COUNT_ONLY,True,5.173637362199892,12.461568573394104,3894,0
5,13,6015,12.5,13.5,0,0.0,EMPTY,False,5.173637362199892,12.461568573394104,3894,0
5,14,6015,13.5,14.5,0,0.0,EMPTY,False,5.173637362199892,12.461568573394104,3894,0
5,15,6015,14.5,15.5,0,0.0,EMPTY,False,5.173637362199892,12.461568573394104,3894,0
5,16,6015,15.5,16.5,0,0.0,EMPTY,False,5.173637362199892,12.461568573394104,3894,0
5,17,6015,16.5,17.5,0,0.0,EMPTY,False,5.173637362199892,12.461568573394104,3894,0
5,18,6015,17.5,18.5,0,0.0,EMPTY,False,5.173637362199892,12.461568573394104,3894,0
5,19,6015,18.5,19.5,0,0.0,EMPTY,False,5.173637362199892,12.461568573394104,3894,0
5,20,6015,19.5,20.5,0,0.0,EMPTY,False,5.173637362199892,12.461568573394104,3894,0
6,10,6015,9.5,10.5,1536,0.25536159600997504,COUNT_ONLY,True,6.062610195466357,13.906244358282988,2094,0
6,11,6015,10.5,11.5,1327,0.22061512884455528,COUNT_ONLY,True,6.062610195466357,13.906244358282988,2094,0
6,12,6015,11.5,12.5,838,0.13931837073981712,COUNT_ONLY,True,6.062610195466357,13.906244358282988,2094,0
6,13,6015,12.5,13.5,211,0.03507896924355777,COUNT_ONLY,True,6.062610195466357,13.906244358282988,2094,0
6,14,6015,13.5,14.5,9,0.0014962593516209476,COUNT_ONLY,False,6.062610195466357,13.906244358282988,2094,0
6,15,6015,14.5,15.5,0,0.0,EMPTY,False,6.062610195466357,13.906244358282988,2094,0
6,16,6015,15.5,16.5,0,0.0,EMPTY,False,6.062610195466357,13.906244358282988,2094,0
6,17,6015,16.5,17.5,0,0.0,EMPTY,False,6.062610195466357,13.906244358282988,2094,0
6,18,6015,17.5,18.5,0,0.0,EMPTY,False,6.062610195466357,13.906244358282988,2094,0
6,19,6015,18.5,19.5,0,0.0,EMPTY,False,6.062610195466357,13.906244358282988,2094,0
6,20,6015,19.5,20.5,0,0.0,EMPTY,False,6.062610195466357,13.906244358282988,2094,0
7,10,6015,9.5,10.5,1143,0.19002493765586034,COUNT_ONLY,True,6.903879084973701,15.118777789806,1034,0
7,11,6015,10.5,11.5,1510,0.2510390689941812,COUNT_ONLY,True,6.903879084973701,15.118777789806,1034,0
7,12,6015,11.5,12.5,1298,0.21579384871155444,COUNT_ONLY,True,6.903879084973701,15.118777789806,1034,0
7,13,6015,12.5,13.5,809,0.1344970906068163,COUNT_ONLY,True,6.903879084973701,15.118777789806,1034,0
7,14,6015,13.5,14.5,212,0.03524522028262676,COUNT_ONLY,True,6.903879084973701,15.118777789806,1034,0
7,15,6015,14.5,15.5,9,0.0014962593516209476,COUNT_ONLY,True,6.903879084973701,15.118777789806,1034,0
7,16,6015,15.5,16.5,0,0.0,EMPTY,False,6.903879084973701,15.118777789806,1034,0
7,17,6015,16.5,17.5,0,0.0,EMPTY,False,6.903879084973701,15.118777789806,1034,0
7,18,6015,17.5,18.5,0,0.0,EMPTY,False,6.903879084973701,15.118777789806,1034,0
7,19,6015,18.5,19.5,0,0.0,EMPTY,False,6.903879084973701,15.118777789806,1034,0
7,20,6015,19.5,20.5,0,0.0,EMPTY,False,6.903879084973701,15.118777789806,1034,0
8,10,6014,9.5,10.5,871,0.14482873295643497,COUNT_ONLY,True,7.6907609446412595,16.14920308513192,355,0
8,11,6014,10.5,11.5,1274,0.2118390422347855,COUNT_ONLY,True,7.6907609446412595,16.14920308513192,355,0
8,12,6014,11.5,12.5,1549,0.2575656800798138,COUNT_ONLY,True,7.6907609446412595,16.14920308513192,355,0
8,13,6014,12.5,13.5,1297,0.2156634519454606,COUNT_ONLY,True,7.6907609446412595,16.14920308513192,355,0
8,14,6014,13.5,14.5,521,0.08663119388094447,COUNT_ONLY,True,7.6907609446412595,16.14920308513192,355,0
8,15,6014,14.5,15.5,140,0.023279015630196208,COUNT_ONLY,True,7.6907609446412595,16.14920308513192,355,0
8,16,6014,15.5,16.5,7,0.0011639507815098104,COUNT_ONLY,True,7.6907609446412595,16.14920308513192,355,0
8,17,6014,16.5,17.5,0,0.0,EMPTY,False,7.6907609446412595,16.14920308513192,355,0
8,18,6014,17.5,18.5,0,0.0,EMPTY,False,7.6907609446412595,16.14920308513192,355,0
8,19,6014,18.5,19.5,0,0.0,EMPTY,False,7.6907609446412595,16.14920308513192,355,0
8,20,6014,19.5,20.5,0,0.0,EMPTY,False,7.6907609446412595,16.14920308513192,355,0
9,10,5997,9.5,10.5,494,0.08237452059363015,COUNT_ONLY,True,8.417981948868972,16.936852482468375,73,0
9,11,5997,10.5,11.5,1117,0.18625979656494915,COUNT_ONLY,True,8.417981948868972,16.936852482468375,73,0
9,12,5997,11.5,12.5,1570,0.26179756544939137,COUNT_ONLY,True,8.417981948868972,16.936852482468375,73,0
9,13,5997,12.5,13.5,1549,0.2582958145739536,COUNT_ONLY,True,8.417981948868972,16.936852482468375,73,0
9,14,5997,13.5,14.5,817,0.13623478405869602,COUNT_ONLY,True,8.417981948868972,16.936852482468375,73,0
9,15,5997,14.5,15.5,308,0.05135901283975321,COUNT_ONLY,True,8.417981948868972,16.936852482468375,73,0
9,16,5997,15.5,16.5,67,0.011172252793063199,COUNT_ONLY,True,8.417981948868972,16.936852482468375,73,0
9,17,5997,16.5,17.5,2,0.00033350008337502084,COUNT_ONLY,False,8.417981948868972,16.936852482468375,73,0
9,18,5997,17.5,18.5,0,0.0,EMPTY,False,8.417981948868972,16.936852482468375,73,0
9,19,5997,18.5,19.5,0,0.0,EMPTY,False,8.417981948868972,16.936852482468375,73,0
9,20,5997,19.5,20.5,0,0.0,EMPTY,False,8.417981948868972,16.936852482468375,73,0
10,10,5933,9.5,10.5,218,0.03674363728299343,COUNT_ONLY,True,9.08143648631459,17.496748319100064,9,0
10,11,5933,10.5,11.5,898,0.15135681779875274,COUNT_ONLY,True,9.08143648631459,17.496748319100064,9,0
10,12,5933,11.5,12.5,1596,0.26900387662228215,COUNT_ONLY,True,9.08143648631459,17.496748319100064,9,0
10,13,5933,12.5,13.5,1568,0.2642845103657509,COUNT_ONLY,True,9.08143648631459,17.496748319100064,9,0
10,14,5933,13.5,14.5,1023,0.1724254171582673,COUNT_ONLY,True,9.08143648631459,17.496748319100064,9,0
10,15,5933,14.5,15.5,459,0.07736389684813753,COUNT_ONLY,True,9.08143648631459,17.496748319100064,9,0
10,16,5933,15.5,16.5,137,0.02309118489802798,COUNT_ONLY,True,9.08143648631459,17.496748319100064,9,0
10,17,5933,16.5,17.5,25,0.004213719871902916,COUNT_ONLY,True,9.08143648631459,17.496748319100064,9,0
10,18,5933,17.5,18.5,0,0.0,EMPTY,False,9.08143648631459,17.496748319100064,9,0
10,19,5933,18.5,19.5,0,0.0,EMPTY,False,9.08143648631459,17.496748319100064,9,0
10,20,5933,19.5,20.5,0,0.0,EMPTY,False,9.08143648631459,17.496748319100064,9,0
11,10,5793,9.5,10.5,115,0.019851544968064905,COUNT_ONLY,True,9.40329661200214,17.84378208797154,1,0
11,11,5793,10.5,11.5,717,0.12377006732263077,COUNT_ONLY,True,9.40329661200214,17.84378208797154,1,0
11,12,5793,11.5,12.5,1514,0.2613499050578284,COUNT_ONLY,True,9.40329661200214,17.84378208797154,1,0
11,13,5793,12.5,13.5,1577,0.27222509925772487,COUNT_ONLY,True,9.40329661200214,17.84378208797154,1,0
11,14,5793,13.5,14.5,1064,0.18366994648713966,COUNT_ONLY,True,9.40329661200214,17.84378208797154,1,0
11,15,5793,14.5,15.5,553,0.09546003797686864,COUNT_ONLY,True,9.40329661200214,17.84378208797154,1,0
11,16,5793,15.5,16.5,203,0.035042292421888485,COUNT_ONLY,True,9.40329661200214,17.84378208797154,1,0
11,17,5793,16.5,17.5,46,0.007940617987225963,COUNT_ONLY,True,9.40329661200214,17.84378208797154,1,0
11,18,5793,17.5,18.5,3,0.0005178663904712584,COUNT_ONLY,False,9.40329661200214,17.84378208797154,1,0
11,19,5793,18.5,19.5,0,0.0,EMPTY,False,9.40329661200214,17.84378208797154,1,0
11,20,5793,19.5,20.5,0,0.0,EMPTY,False,9.40329661200214,17.84378208797154,1,0
12,10,5486,9.5,10.5,115,0.020962449872402478,COUNT_ONLY,True,9.082813856423062,17.927074948561426,6,0
12,11,5486,10.5,11.5,624,0.11374407582938388,COUNT_ONLY,True,9.082813856423062,17.927074948561426,6,0
12,12,5486,11.5,12.5,1297,0.23641997812613927,COUNT_ONLY,True,9.082813856423062,17.927074948561426,6,0
12,13,5486,12.5,13.5,1484,0.27050674444039374,COUNT_ONLY,True,9.082813856423062,17.927074948561426,6,0
12,14,5486,13.5,14.5,1066,0.1943127962085308,COUNT_ONLY,True,9.082813856423062,17.927074948561426,6,0
12,15,5486,14.5,15.5,586,0.1068173532628509,COUNT_ONLY,True,9.082813856423062,17.927074948561426,6,0
12,16,5486,15.5,16.5,235,0.04283631060882246,COUNT_ONLY,True,9.082813856423062,17.927074948561426,6,0
12,17,5486,16.5,17.5,61,0.011119212541013489,COUNT_ONLY,True,9.082813856423062,17.927074948561426,6,0
12,18,5486,17.5,18.5,12,0.002187386073641998,COUNT_ONLY,False,9.082813856423062,17.927074948561426,6,0
12,19,5486,18.5,19.5,0,0.0,EMPTY,False,9.082813856423062,17.927074948561426,6,0
12,20,5486,19.5,20.5,0,0.0,EMPTY,False,9.082813856423062,17.927074948561426,6,0
13,10,4937,9.5,10.5,129,0.02612922827628114,COUNT_ONLY,True,8.8767396641845,18.530457525053173,12,0
13,11,4937,10.5,11.5,549,0.11120113429208021,COUNT_ONLY,True,8.8767396641845,18.530457525053173,12,0
13,12,4937,11.5,12.5,1091,0.2209844034838971,COUNT_ONLY,True,8.8767396641845,18.530457525053173,12,0
13,13,4937,12.5,13.5,1242,0.25156977921814866,COUNT_ONLY,True,8.8767396641845,18.530457525053173,12,0
13,14,4937,13.5,14.5,997,0.20194450070893255,COUNT_ONLY,True,8.8767396641845,18.530457525053173,12,0
13,15,4937,14.5,15.5,559,0.11322665586388495,COUNT_ONLY,True,8.8767396641845,18.530457525053173,12,0
13,16,4937,15.5,16.5,258,0.05225845655256228,COUNT_ONLY,True,8.8767396641845,18.530457525053173,12,0
13,17,4937,16.5,17.5,81,0.016406724731618392,COUNT_ONLY,True,8.8767396641845,18.530457525053173,12,0
13,18,4937,17.5,18.5,18,0.0036459388292485314,COUNT_ONLY,True,8.8767396641845,18.530457525053173,12,0
13,19,4937,18.5,19.5,1,0.00020255215718047398,COUNT_ONLY,False,8.8767396641845,18.530457525053173,12,0
13,20,4937,19.5,20.5,0,0.0,EMPTY,False,8.8767396641845,18.530457525053173,12,0
14,10,4107,9.5,10.5,113,0.02751400048697346,COUNT_ONLY,True,9.178576747562788,18.70891860822065,6,0
14,11,4107,10.5,11.5,436,0.10616021426832238,COUNT_ONLY,True,9.178576747562788,18.70891860822065,6,0
14,12,4107,11.5,12.5,833,0.20282444606768932,COUNT_ONLY,True,9.178576747562788,18.70891860822065,6,0
14,13,4107,12.5,13.5,1012,0.24640857073289504,COUNT_ONLY,True,9.178576747562788,18.70891860822065,6,0
14,14,4107,13.5,14.5,838,0.20404187971755539,COUNT_ONLY,True,9.178576747562788,18.70891860822065,6,0
14,15,4107,14.5,15.5,521,0.12685658631604577,COUNT_ONLY,True,9.178576747562788,18.70891860822065,6,0
14,16,4107,15.5,16.5,240,0.05843681519357195,COUNT_ONLY,True,9.178576747562788,18.70891860822065,6,0
14,17,4107,16.5,17.5,89,0.021670318967616266,COUNT_ONLY,True,9.178576747562788,18.70891860822065,6,0
14,18,4107,17.5,18.5,18,0.004382761139517896,COUNT_ONLY,True,9.178576747562788,18.70891860822065,6,0
14,19,4107,18.5,19.5,1,0.00024348672997321646,COUNT_ONLY,False,9.178576747562788,18.70891860822065,6,0
14,20,4107,19.5,20.5,0,0.0,EMPTY,False,9.178576747562788,18.70891860822065,6,0
15,10,3175,9.5,10.5,92,0.028976377952755906,COUNT_ONLY,True,9.449956523904012,18.769211533120213,2,0
15,11,3175,10.5,11.5,296,0.09322834645669291,COUNT_ONLY,True,9.449956523904012,18.769211533120213,2,0
15,12,3175,11.5,12.5,584,0.18393700787401573,COUNT_ONLY,True,9.449956523904012,18.769211533120213,2,0
15,13,3175,12.5,13.5,733,0.23086614173228345,COUNT_ONLY,True,9.449956523904012,18.769211533120213,2,0
15,14,3175,13.5,14.5,685,0.215748031496063,COUNT_ONLY,True,9.449956523904012,18.769211533120213,2,0
15,15,3175,14.5,15.5,452,0.14236220472440944,COUNT_ONLY,True,9.449956523904012,18.769211533120213,2,0
15,16,3175,15.5,16.5,218,0.06866141732283465,COUNT_ONLY,True,9.449956523904012,18.769211533120213,2,0
15,17,3175,16.5,17.5,92,0.028976377952755906,COUNT_ONLY,True,9.449956523904012,18.769211533120213,2,0
15,18,3175,17.5,18.5,17,0.005354330708661417,COUNT_ONLY,True,9.449956523904012,18.769211533120213,2,0
15,19,3175,18.5,19.5,4,0.0012598425196850393,COUNT_ONLY,False,9.449956523904012,18.769211533120213,2,0
15,20,3175,19.5,20.5,0,0.0,EMPTY,False,9.449956523904012,18.769211533120213,2,0
16,10,2225,9.5,10.5,28,0.012584269662921348,COUNT_ONLY,True,9.670060750957202,18.94373868777894,0,0
16,11,2225,10.5,11.5,163,0.07325842696629213,COUNT_ONLY,True,9.670060750957202,18.94373868777894,0,0
16,12,2225,11.5,12.5,368,0.16539325842696628,COUNT_ONLY,True,9.670060750957202,18.94373868777894,0,0
16,13,2225,12.5,13.5,508,0.22831460674157303,COUNT_ONLY,True,9.670060750957202,18.94373868777894,0,0
16,14,2225,13.5,14.5,504,0.22651685393258428,COUNT_ONLY,True,9.670060750957202,18.94373868777894,0,0
16,15,2225,14.5,15.5,345,0.1550561797752809,COUNT_ONLY,True,9.670060750957202,18.94373868777894,0,0
16,16,2225,15.5,16.5,209,0.09393258426966292,COUNT_ONLY,True,9.670060750957202,18.94373868777894,0,0
16,17,2225,16.5,17.5,75,0.033707865168539325,COUNT_ONLY,True,9.670060750957202,18.94373868777894,0,0
16,18,2225,17.5,18.5,17,0.007640449438202248,COUNT_ONLY,True,9.670060750957202,18.94373868777894,0,0
16,19,2225,18.5,19.5,8,0.0035955056179775282,COUNT_ONLY,False,9.670060750957202,18.94373868777894,0,0
16,20,2225,19.5,20.5,0,0.0,EMPTY,False,9.670060750957202,18.94373868777894,0,0
17,10,1420,9.5,10.5,4,0.0028169014084507044,COUNT_ONLY,False,10.089848901155069,19.18918654343283,0,0
17,11,1420,10.5,11.5,87,0.06126760563380282,COUNT_ONLY,True,10.089848901155069,19.18918654343283,0,0
17,12,1420,11.5,12.5,180,0.1267605633802817,COUNT_ONLY,True,10.089848901155069,19.18918654343283,0,0
17,13,1420,12.5,13.5,303,0.21338028169014084,COUNT_ONLY,True,10.089848901155069,19.18918654343283,0,0
17,14,1420,13.5,14.5,322,0.2267605633802817,COUNT_ONLY,True,10.089848901155069,19.18918654343283,0,0
17,15,1420,14.5,15.5,252,0.17746478873239438,COUNT_ONLY,True,10.089848901155069,19.18918654343283,0,0
17,16,1420,15.5,16.5,180,0.1267605633802817,COUNT_ONLY,True,10.089848901155069,19.18918654343283,0,0
17,17,1420,16.5,17.5,66,0.04647887323943662,COUNT_ONLY,True,10.089848901155069,19.18918654343283,0,0
17,18,1420,17.5,18.5,19,0.013380281690140845,COUNT_ONLY,True,10.089848901155069,19.18918654343283,0,0
17,19,1420,18.5,19.5,7,0.004929577464788733,COUNT_ONLY,True,10.089848901155069,19.18918654343283,0,0
17,20,1420,19.5,20.5,0,0.0,EMPTY,False,10.089848901155069,19.18918654343283,0,0
18,10,886,9.5,10.5,0,0.0,EMPTY,False,10.514387590915964,19.244183743173476,0,0
18,11,886,10.5,11.5,19,0.02144469525959368,COUNT_ONLY,True,10.514387590915964,19.244183743173476,0,0
18,12,886,11.5,12.5,97,0.10948081264108352,COUNT_ONLY,True,10.514387590915964,19.244183743173476,0,0
18,13,886,12.5,13.5,173,0.19525959367945825,COUNT_ONLY,True,10.514387590915964,19.244183743173476,0,0
18,14,886,13.5,14.5,190,0.2144469525959368,COUNT_ONLY,True,10.514387590915964,19.244183743173476,0,0
18,15,886,14.5,15.5,198,0.2234762979683973,COUNT_ONLY,True,10.514387590915964,19.244183743173476,0,0
18,16,886,15.5,16.5,125,0.14108352144469527,COUNT_ONLY,True,10.514387590915964,19.244183743173476,0,0
18,17,886,16.5,17.5,57,0.06433408577878104,COUNT_ONLY,True,10.514387590915964,19.244183743173476,0,0
18,18,886,17.5,18.5,21,0.023702031602708805,COUNT_ONLY,True,10.514387590915964,19.244183743173476,0,0
18,19,886,18.5,19.5,6,0.006772009029345372,COUNT_ONLY,True,10.514387590915964,19.244183743173476,0,0
18,20,886,19.5,20.5,0,0.0,EMPTY,False,10.514387590915964,19.244183743173476,0,0
19,10,537,9.5,10.5,0,0.0,EMPTY,False,10.749770826485141,19.300420214668097,0,0
19,11,537,10.5,11.5,4,0.0074487895716946,COUNT_ONLY,True,10.749770826485141,19.300420214668097,0,0
19,12,537,11.5,12.5,43,0.08007448789571694,COUNT_ONLY,True,10.749770826485141,19.300420214668097,0,0
19,13,537,12.5,13.5,87,0.16201117318435754,COUNT_ONLY,True,10.749770826485141,19.300420214668097,0,0
19,14,537,13.5,14.5,117,0.21787709497206703,COUNT_ONLY,True,10.749770826485141,19.300420214668097,0,0
19,15,537,14.5,15.5,129,0.24022346368715083,COUNT_ONLY,True,10.749770826485141,19.300420214668097,0,0
19,16,537,15.5,16.5,90,0.16759776536312848,COUNT_ONLY,True,10.749770826485141,19.300420214668097,0,0
19,17,537,16.5,17.5,40,0.074487895716946,COUNT_ONLY,True,10.749770826485141,19.300420214668097,0,0
19,18,537,17.5,18.5,19,0.035381750465549346,COUNT_ONLY,True,10.749770826485141,19.300420214668097,0,0
19,19,537,18.5,19.5,8,0.0148975791433892,COUNT_ONLY,True,10.749770826485141,19.300420214668097,0,0
19,20,537,19.5,20.5,0,0.0,EMPTY,False,10.749770826485141,19.300420214668097,0,0
20,10,279,9.5,10.5,0,0.0,EMPTY,False,11.720847875504889,19.274953856999353,0,0
20,11,279,10.5,11.5,0,0.0,EMPTY,False,11.720847875504889,19.274953856999353,0,0
20,12,279,11.5,12.5,13,0.04659498207885305,COUNT_ONLY,True,11.720847875504889,19.274953856999353,0,0
20,13,279,12.5,13.5,31,0.1111111111111111,COUNT_ONLY,True,11.720847875504889,19.274953856999353,0,0
20,14,279,13.5,14.5,62,0.2222222222222222,COUNT_ONLY,True,11.720847875504889,19.274953856999353,0,0
20,15,279,14.5,15.5,66,0.23655913978494625,COUNT_ONLY,True,11.720847875504889,19.274953856999353,0,0
20,16,279,15.5,16.5,49,0.17562724014336917,COUNT_ONLY,True,11.720847875504889,19.274953856999353,0,0
20,17,279,16.5,17.5,34,0.12186379928315412,COUNT_ONLY,True,11.720847875504889,19.274953856999353,0,0
20,18,279,17.5,18.5,17,0.06093189964157706,COUNT_ONLY,True,11.720847875504889,19.274953856999353,0,0
20,19,279,18.5,19.5,7,0.025089605734767026,COUNT_ONLY,True,11.720847875504889,19.274953856999353,0,0
20,20,279,19.5,20.5,0,0.0,EMPTY,False,11.720847875504889,19.274953856999353,0,0
