candidate_id,request_id,arm,source,global_order,arm_order,split,state,actual_native_start_confirmed,solver_start_order,solver_started_utc,cadence_elapsed_seconds,cadence_active_worker_elapsed_seconds_sum,gds_audit_elapsed_seconds,calibre_elapsed_seconds,emx_native_wallclock_seconds,emx_reported_cpu_seconds,solver_wrapper_interval_seconds,user_cpu_seconds,system_cpu_seconds,candidate_allocated_bytes,full_pipeline_total_seconds
eucap15_controlled_budget_20260910_v1-GEOMETRY_DOE-001,eucap15_controlled_budget_20260910_v1-GEOMETRY_DOE-001,GEOMETRY_DOE_CONTROL,GEOMETRY_DOE,1,1,train,STRICT_VALID,True,1,2026-09-11T08:21:47.380000+00:00,6.369834458921105,6.364434557966888,,,75.68,153.89,76.183162,,,,
eucap15_controlled_budget_20260910_v1-SPARSE-021-q10,eucap15_controlled_budget_20260910_v1-SPARSE-021,COVERAGE_DIRECTED,SPARSE_TARGETED,2,1,validation,ANALYTIC_FAIL,False,,,,,,,,,,,,,
eucap15_controlled_budget_20260910_v1-SPARSE-015-q10,eucap15_controlled_budget_20260910_v1-SPARSE-015,COVERAGE_DIRECTED,SPARSE_TARGETED,3,2,test,ANALYTIC_FAIL,False,,,,,,,,,,,,,
eucap15_controlled_budget_20260910_v1-GEOMETRY_DOE-007,eucap15_controlled_budget_20260910_v1-GEOMETRY_DOE-007,GEOMETRY_DOE_CONTROL,GEOMETRY_DOE,4,2,train,STRICT_VALID,True,2,2026-09-11T08:27:21.530000+00:00,6.877255097962916,6.8698810511268675,,,62.63,125.29,63.060445,,,,
eucap15_controlled_budget_20260910_v1-GEOMETRY_DOE-005,eucap15_controlled_budget_20260910_v1-GEOMETRY_DOE-005,GEOMETRY_DOE_CONTROL,GEOMETRY_DOE,5,3,train,EMX_INVALID,True,3,2026-09-11T08:32:41.920000+00:00,6.340432664845139,6.334908980876207,,,70.88,144.37,71.313371,,,,
eucap15_controlled_budget_20260910_v1-SPARSE-011-q13,eucap15_controlled_budget_20260910_v1-SPARSE-011,COVERAGE_DIRECTED,SPARSE_TARGETED,6,3,train,EMX_INVALID,True,4,2026-09-11T08:38:12.540000+00:00,8.060003081802279,8.054033445194364,,,67.91,136.85,68.339829,,,,
eucap15_controlled_budget_20260910_v1-SPARSE-018-q10,eucap15_controlled_budget_20260910_v1-SPARSE-018,COVERAGE_DIRECTED,SPARSE_TARGETED,7,4,validation,ANALYTIC_FAIL,False,,,,,,,,,,,,,
eucap15_controlled_budget_20260910_v1-GEOMETRY_DOE-004,eucap15_controlled_budget_20260910_v1-GEOMETRY_DOE-004,GEOMETRY_DOE_CONTROL,GEOMETRY_DOE,8,4,train,STRICT_VALID,True,5,2026-09-11T08:43:38.720000+00:00,6.127717570867389,6.122550076339394,,,74.03,148.07,74.506673,,,,
eucap15_controlled_budget_20260910_v1-SPARSE-020-q14,eucap15_controlled_budget_20260910_v1-SPARSE-020,COVERAGE_DIRECTED,SPARSE_TARGETED,9,5,train,PRE_NATIVE_FAILURE_UNCLASSIFIED,False,,,14.042354839388281,14.032444095704705,,,,,,,,,
eucap15_controlled_budget_20260910_v1-GEOMETRY_DOE-009,eucap15_controlled_budget_20260910_v1-GEOMETRY_DOE-009,GEOMETRY_DOE_CONTROL,GEOMETRY_DOE,10,5,train,STRICT_VALID,True,6,2026-09-11T08:50:38.350000+00:00,11.751767021138221,11.74307550303638,,,77.97,158.58,78.42139,,,,
eucap15_controlled_budget_20260910_v1-SPARSE-009-q11,eucap15_controlled_budget_20260910_v1-SPARSE-009,COVERAGE_DIRECTED,SPARSE_TARGETED,11,6,train,EMX_INVALID,True,7,2026-09-11T08:56:16.580000+00:00,8.534478079993278,8.526995670050383,,,61.01,122.93,61.471975,,,,
eucap15_controlled_budget_20260910_v1-GEOMETRY_DOE-016,eucap15_controlled_budget_20260910_v1-GEOMETRY_DOE-016,GEOMETRY_DOE_CONTROL,GEOMETRY_DOE,12,6,train,PRE_NATIVE_FAILURE_UNCLASSIFIED,False,,,6.835593798197806,6.830033340025693,,,,,,,,,
eucap15_controlled_budget_20260910_v1-GEOMETRY_DOE-021,eucap15_controlled_budget_20260910_v1-GEOMETRY_DOE-021,GEOMETRY_DOE_CONTROL,GEOMETRY_DOE,13,7,train,ANALYTIC_FAIL,False,,,,,,,,,,,,,
eucap15_controlled_budget_20260910_v1-SPARSE-013-q13,eucap15_controlled_budget_20260910_v1-SPARSE-013,COVERAGE_DIRECTED,SPARSE_TARGETED,14,7,train,EMX_INVALID,True,8,2026-09-11T09:02:44.830000+00:00,6.0256239217706025,6.019376928918064,,,46.24,91.77,46.692146,,,,
eucap15_controlled_budget_20260910_v1-GEOMETRY_DOE-031,eucap15_controlled_budget_20260910_v1-GEOMETRY_DOE-031,GEOMETRY_DOE_CONTROL,GEOMETRY_DOE,15,8,test,EMX_INVALID,True,9,2026-09-11T09:07:50.840000+00:00,7.619112572167069,7.611886024940759,,,69.54,140.07,69.962775,,,,
eucap15_controlled_budget_20260910_v1-EXPLORATION-003,eucap15_controlled_budget_20260910_v1-EXPLORATION-003,COVERAGE_DIRECTED,EXPLORATION,16,8,train,EMX_INVALID,True,10,2026-09-11T09:13:17.870000+00:00,6.016793728806078,6.011839211918414,,,66.7,134.8,67.217835,,,,
eucap15_controlled_budget_20260910_v1-SPARSE-003-q13,eucap15_controlled_budget_20260910_v1-SPARSE-003,COVERAGE_DIRECTED,SPARSE_TARGETED,17,9,test,EMX_INVALID,True,11,2026-09-11T09:18:41.890000+00:00,5.826326221227646,5.8202707772143185,,,48.28,96.96,48.75144,,,,
eucap15_controlled_budget_20260910_v1-GEOMETRY_DOE-030,eucap15_controlled_budget_20260910_v1-GEOMETRY_DOE-030,GEOMETRY_DOE_CONTROL,GEOMETRY_DOE,18,9,train,STRICT_VALID,True,12,2026-09-11T09:23:50.620000+00:00,7.289380494970828,7.282980231102556,,,104.54,210.26,105.348,,,,
eucap15_controlled_budget_20260910_v1-GEOMETRY_DOE-028,eucap15_controlled_budget_20260910_v1-GEOMETRY_DOE-028,GEOMETRY_DOE_CONTROL,GEOMETRY_DOE,19,10,test,ANALYTIC_FAIL,False,,,,,,,,,,,,,
eucap15_controlled_budget_20260910_v1-SPARSE-004-q10,eucap15_controlled_budget_20260910_v1-SPARSE-004,COVERAGE_DIRECTED,SPARSE_TARGETED,20,10,train,ANALYTIC_FAIL,False,,,,,,,,,,,,,
eucap15_controlled_budget_20260910_v1-GEOMETRY_DOE-002,eucap15_controlled_budget_20260910_v1-GEOMETRY_DOE-002,GEOMETRY_DOE_CONTROL,GEOMETRY_DOE,21,11,train,STRICT_VALID,True,13,2026-09-11T09:30:00.410000+00:00,10.95397812826559,10.944276114925742,,,101.62,200.82,102.390657,,,,
eucap15_controlled_budget_20260910_v1-EXPLORATION-000,eucap15_controlled_budget_20260910_v1-EXPLORATION-000,COVERAGE_DIRECTED,EXPLORATION,22,11,train,STRICT_VALID,True,14,2026-09-11T09:36:06.810000+00:00,9.755709887016565,9.747064885217696,,,81.27,163.82,81.82121,,,,
eucap15_controlled_budget_20260910_v1-GEOMETRY_DOE-019,eucap15_controlled_budget_20260910_v1-GEOMETRY_DOE-019,GEOMETRY_DOE_CONTROL,GEOMETRY_DOE,23,12,test,EMX_INVALID,True,15,2026-09-11T09:41:56.920000+00:00,11.40146302478388,11.390656648669392,,,88.59,180.89,89.224644,,,,
eucap15_controlled_budget_20260910_v1-SPARSE-016-q10,eucap15_controlled_budget_20260910_v1-SPARSE-016,COVERAGE_DIRECTED,SPARSE_TARGETED,24,12,test,ANALYTIC_FAIL,False,,,,,,,,,,,,,
eucap15_controlled_budget_20260910_v1-GEOMETRY_DOE-015,eucap15_controlled_budget_20260910_v1-GEOMETRY_DOE-015,GEOMETRY_DOE_CONTROL,GEOMETRY_DOE,25,13,train,PRE_NATIVE_FAILURE_UNCLASSIFIED,False,,,10.304062919225544,10.295268752146512,,,,,,,,,
eucap15_controlled_budget_20260910_v1-SPARSE-005-q10,eucap15_controlled_budget_20260910_v1-SPARSE-005,COVERAGE_DIRECTED,SPARSE_TARGETED,26,13,validation,ANALYTIC_FAIL,False,,,,,,,,,,,,,
eucap15_controlled_budget_20260910_v1-GEOMETRY_DOE-014,eucap15_controlled_budget_20260910_v1-GEOMETRY_DOE-014,GEOMETRY_DOE_CONTROL,GEOMETRY_DOE,27,14,train,ANALYTIC_FAIL,False,,,,,,,,,,,,,
eucap15_controlled_budget_20260910_v1-SPARSE-002-q13,eucap15_controlled_budget_20260910_v1-SPARSE-002,COVERAGE_DIRECTED,SPARSE_TARGETED,28,14,train,EMX_INVALID,True,16,2026-09-11T09:49:04.060000+00:00,8.751832370646298,8.745038033928722,,,82.75,166.71,83.349597,,,,
eucap15_controlled_budget_20260910_v1-GEOMETRY_DOE-013,eucap15_controlled_budget_20260910_v1-GEOMETRY_DOE-013,GEOMETRY_DOE_CONTROL,GEOMETRY_DOE,29,15,test,PRE_NATIVE_FAILURE_UNCLASSIFIED,False,,,10.07884800573811,10.071469935122877,,,,,,,,,
eucap15_controlled_budget_20260910_v1-SPARSE-010-q12,eucap15_controlled_budget_20260910_v1-SPARSE-010,COVERAGE_DIRECTED,SPARSE_TARGETED,30,15,validation,EMX_INVALID,True,17,2026-09-11T09:56:05.610000+00:00,9.849073082208633,9.838371593970805,,,82.96,168.07,83.559428,,,,
eucap15_controlled_budget_20260910_v1-GEOMETRY_DOE-022,eucap15_controlled_budget_20260910_v1-GEOMETRY_DOE-022,GEOMETRY_DOE_CONTROL,GEOMETRY_DOE,31,16,train,EMX_INVALID,True,18,2026-09-11T10:01:53.810000+00:00,9.77105432935059,9.762796735856682,,,67.62,134.81,68.169178,,,,
eucap15_controlled_budget_20260910_v1-SPARSE-024-q11,eucap15_controlled_budget_20260910_v1-SPARSE-024,COVERAGE_DIRECTED,SPARSE_TARGETED,32,16,train,EMX_INVALID,True,19,2026-09-11T10:07:23.860000+00:00,8.120467333123088,8.114246685057878,,,83.59,167.82,84.245337,,,,
eucap15_controlled_budget_20260910_v1-GEOMETRY_DOE-029,eucap15_controlled_budget_20260910_v1-GEOMETRY_DOE-029,GEOMETRY_DOE_CONTROL,GEOMETRY_DOE,33,17,train,STRICT_VALID,True,20,2026-09-11T10:13:12.520000+00:00,10.51128864986822,10.504962543956935,,,78.58,156.94,79.235273,,,,
eucap15_controlled_budget_20260910_v1-SPARSE-023-q10,eucap15_controlled_budget_20260910_v1-SPARSE-023,COVERAGE_DIRECTED,SPARSE_TARGETED,34,17,train,ANALYTIC_FAIL,False,,,,,,,,,,,,,
eucap15_controlled_budget_20260910_v1-SPARSE-017-q10,eucap15_controlled_budget_20260910_v1-SPARSE-017,COVERAGE_DIRECTED,SPARSE_TARGETED,35,18,test,EMX_INVALID,True,21,2026-09-11T10:18:57.100000+00:00,8.669851765967906,8.66257530869916,,,84.16,167.8,84.831638,,,,
eucap15_controlled_budget_20260910_v1-GEOMETRY_DOE-008,eucap15_controlled_budget_20260910_v1-GEOMETRY_DOE-008,GEOMETRY_DOE_CONTROL,GEOMETRY_DOE,36,18,test,STRICT_VALID,True,22,2026-09-11T10:24:41.750000+00:00,6.399634304922074,6.392774079926312,,,89.44,181.31,90.024018,,,,
eucap15_controlled_budget_20260910_v1-GEOMETRY_DOE-026,eucap15_controlled_budget_20260910_v1-GEOMETRY_DOE-026,GEOMETRY_DOE_CONTROL,GEOMETRY_DOE,37,19,train,EMX_INVALID,True,23,2026-09-11T10:30:36.880000+00:00,10.229074717033654,10.21839896729216,,,97.02,195.34,97.600467,,,,
eucap15_controlled_budget_20260910_v1-SPARSE-006-q10,eucap15_controlled_budget_20260910_v1-SPARSE-006,COVERAGE_DIRECTED,SPARSE_TARGETED,38,19,validation,ANALYTIC_FAIL,False,,,,,,,,,,,,,
eucap15_controlled_budget_20260910_v1-EXPLORATION-004,eucap15_controlled_budget_20260910_v1-EXPLORATION-004,COVERAGE_DIRECTED,EXPLORATION,39,20,validation,EMX_INVALID,True,24,2026-09-11T10:36:38.290000+00:00,7.79551269300282,7.788955837953836,,,94.28,190.69,97.11002,,,,
eucap15_controlled_budget_20260910_v1-GEOMETRY_DOE-025,eucap15_controlled_budget_20260910_v1-GEOMETRY_DOE-025,GEOMETRY_DOE_CONTROL,GEOMETRY_DOE,40,20,validation,EMX_INVALID,True,25,2026-09-11T10:42:35.220000+00:00,6.914384211879224,6.908320256974548,,,75.84,152.69,76.436678,,,,
eucap15_controlled_budget_20260910_v1-SPARSE-001-q12,eucap15_controlled_budget_20260910_v1-SPARSE-001,COVERAGE_DIRECTED,SPARSE_TARGETED,41,21,test,EMX_INVALID,True,26,2026-09-11T10:48:09.010000+00:00,5.8874975042417645,5.881307274103165,,,61.52,124.58,62.072463,,,,
eucap15_controlled_budget_20260910_v1-GEOMETRY_DOE-027,eucap15_controlled_budget_20260910_v1-GEOMETRY_DOE-027,GEOMETRY_DOE_CONTROL,GEOMETRY_DOE,42,21,train,STRICT_VALID,True,27,2026-09-11T10:53:28.540000+00:00,6.024464588146657,6.01873975340277,,,74.01,148.86,74.598855,,,,
eucap15_controlled_budget_20260910_v1-EXPLORATION-002,eucap15_controlled_budget_20260910_v1-EXPLORATION-002,COVERAGE_DIRECTED,EXPLORATION,43,22,train,EMX_INVALID,True,28,2026-09-11T10:59:02.550000+00:00,6.956383881159127,6.950568822212517,,,69.25,139.66,69.822744,,,,
eucap15_controlled_budget_20260910_v1-GEOMETRY_DOE-017,eucap15_controlled_budget_20260910_v1-GEOMETRY_DOE-017,GEOMETRY_DOE_CONTROL,GEOMETRY_DOE,44,22,test,STRICT_VALID,True,29,2026-09-11T11:04:29.620000+00:00,5.8287336328066885,5.823021878954023,,,54.36,108.69,54.95409,,,,
eucap15_controlled_budget_20260910_v1-GEOMETRY_DOE-006,eucap15_controlled_budget_20260910_v1-GEOMETRY_DOE-006,GEOMETRY_DOE_CONTROL,GEOMETRY_DOE,45,23,train,ANALYTIC_FAIL,False,,,,,,,,,,,,,
eucap15_controlled_budget_20260910_v1-SPARSE-014-q13,eucap15_controlled_budget_20260910_v1-SPARSE-014,COVERAGE_DIRECTED,SPARSE_TARGETED,46,23,train,PRE_NATIVE_FAILURE_UNCLASSIFIED,False,,,5.825615795794874,5.820194504223764,,,,,,,,,
eucap15_controlled_budget_20260910_v1-GEOMETRY_DOE-023,eucap15_controlled_budget_20260910_v1-GEOMETRY_DOE-023,GEOMETRY_DOE_CONTROL,GEOMETRY_DOE,47,24,train,BUDGET_NOT_DISPATCHED,False,,,,,,,,,,,,,
eucap15_controlled_budget_20260910_v1-EXPLORATION-005,eucap15_controlled_budget_20260910_v1-EXPLORATION-005,COVERAGE_DIRECTED,EXPLORATION,48,24,train,STRICT_VALID,True,30,2026-09-11T11:10:51.870000+00:00,5.6969983000308275,5.690489000175148,,,58.46,116.57,59.143799,,,,
eucap15_controlled_budget_20260910_v1-SPARSE-000-q14,eucap15_controlled_budget_20260910_v1-SPARSE-000,COVERAGE_DIRECTED,SPARSE_TARGETED,49,25,test,EMX_INVALID,True,31,2026-09-11T11:16:08.970000+00:00,5.933779885061085,5.928502219263464,,,49.85,99.17,50.420953,,,,
eucap15_controlled_budget_20260910_v1-GEOMETRY_DOE-012,eucap15_controlled_budget_20260910_v1-GEOMETRY_DOE-012,GEOMETRY_DOE_CONTROL,GEOMETRY_DOE,50,25,test,BUDGET_NOT_DISPATCHED,False,,,,,,,,,,,,,
eucap15_controlled_budget_20260910_v1-SPARSE-019-q12,eucap15_controlled_budget_20260910_v1-SPARSE-019,COVERAGE_DIRECTED,SPARSE_TARGETED,51,26,train,EMX_INVALID,True,32,2026-09-11T11:21:17.650000+00:00,5.993044934235513,5.987885062582791,,,65.03,132.08,65.751964,,,,
eucap15_controlled_budget_20260910_v1-GEOMETRY_DOE-003,eucap15_controlled_budget_20260910_v1-GEOMETRY_DOE-003,GEOMETRY_DOE_CONTROL,GEOMETRY_DOE,52,26,train,BUDGET_NOT_DISPATCHED,False,,,,,,,,,,,,,
eucap15_controlled_budget_20260910_v1-SPARSE-012-q13,eucap15_controlled_budget_20260910_v1-SPARSE-012,COVERAGE_DIRECTED,SPARSE_TARGETED,53,27,train,BUDGET_NOT_DISPATCHED,False,,,,,,,,,,,,,
eucap15_controlled_budget_20260910_v1-GEOMETRY_DOE-018,eucap15_controlled_budget_20260910_v1-GEOMETRY_DOE-018,GEOMETRY_DOE_CONTROL,GEOMETRY_DOE,54,27,test,BUDGET_NOT_DISPATCHED,False,,,,,,,,,,,,,
eucap15_controlled_budget_20260910_v1-EXPLORATION-001,eucap15_controlled_budget_20260910_v1-EXPLORATION-001,COVERAGE_DIRECTED,EXPLORATION,55,28,train,BUDGET_NOT_DISPATCHED,False,,,,,,,,,,,,,
eucap15_controlled_budget_20260910_v1-GEOMETRY_DOE-000,eucap15_controlled_budget_20260910_v1-GEOMETRY_DOE-000,GEOMETRY_DOE_CONTROL,GEOMETRY_DOE,56,28,train,BUDGET_NOT_DISPATCHED,False,,,,,,,,,,,,,
eucap15_controlled_budget_20260910_v1-SPARSE-022-q12,eucap15_controlled_budget_20260910_v1-SPARSE-022,COVERAGE_DIRECTED,SPARSE_TARGETED,57,29,train,BUDGET_NOT_DISPATCHED,False,,,,,,,,,,,,,
eucap15_controlled_budget_20260910_v1-GEOMETRY_DOE-011,eucap15_controlled_budget_20260910_v1-GEOMETRY_DOE-011,GEOMETRY_DOE_CONTROL,GEOMETRY_DOE,58,29,train,BUDGET_NOT_DISPATCHED,False,,,,,,,,,,,,,
eucap15_controlled_budget_20260910_v1-EXPLORATION-006,eucap15_controlled_budget_20260910_v1-EXPLORATION-006,COVERAGE_DIRECTED,EXPLORATION,59,30,test,ANALYTIC_FAIL,False,,,,,,,,,,,,,
eucap15_controlled_budget_20260910_v1-GEOMETRY_DOE-024,eucap15_controlled_budget_20260910_v1-GEOMETRY_DOE-024,GEOMETRY_DOE_CONTROL,GEOMETRY_DOE,60,30,train,BUDGET_NOT_DISPATCHED,False,,,,,,,,,,,,,
eucap15_controlled_budget_20260910_v1-SPARSE-007-q13,eucap15_controlled_budget_20260910_v1-SPARSE-007,COVERAGE_DIRECTED,SPARSE_TARGETED,61,31,test,BUDGET_NOT_DISPATCHED,False,,,,,,,,,,,,,
eucap15_controlled_budget_20260910_v1-GEOMETRY_DOE-010,eucap15_controlled_budget_20260910_v1-GEOMETRY_DOE-010,GEOMETRY_DOE_CONTROL,GEOMETRY_DOE,62,31,train,BUDGET_NOT_DISPATCHED,False,,,,,,,,,,,,,
eucap15_controlled_budget_20260910_v1-SPARSE-008-q10,eucap15_controlled_budget_20260910_v1-SPARSE-008,COVERAGE_DIRECTED,SPARSE_TARGETED,63,32,train,ANALYTIC_FAIL,False,,,,,,,,,,,,,
eucap15_controlled_budget_20260910_v1-GEOMETRY_DOE-020,eucap15_controlled_budget_20260910_v1-GEOMETRY_DOE-020,GEOMETRY_DOE_CONTROL,GEOMETRY_DOE,64,32,validation,BUDGET_NOT_DISPATCHED,False,,,,,,,,,,,,,
