"source_row_index","evaluation","raw_geometry_identity_sha256","production_geometry_fingerprint_sha256","gds_sha256","s4p_sha256","Lp_nH","Ls_nH","Qp","Qs","Qmin","K_abs","K_signed","conditional_strict","core_range","half_srf_pass","off_grid_vertices","noncanonical_edges","current_qualified","evidence_class"
0,"widthfix_000000__000000__shard_000__05dc9a57625e475a","8019badced43290afed374014b763b7ba6fce12739f685a95d94ac311b47472a","41e3fdbdef9f6c992af3b3c1a6af21d5a31af892a66e3ce0f5547ba4974b0794","1f73a79b3a11de14b02fbc669b8a1bffaf74d0227cebefff2012a342f6ea5469","1184171a5ef152113aadc0b0f576f070138a469e349457ec9b57d276a0d0ab52",1.9277270018240973,1.651014633130072,12.090090401695445,11.549826304321575,11.549826304321575,0.3362567272409146,0.3362567272409146,false,true,false,280,2,false,"HISTORICAL_EM_RESPONSE_CURRENT_MAPPING_DIAGNOSTIC_NOT_FRESH"
1,"widthfix_000002__000002__shard_000__18cba1ee585db381","68f61d0420aafa130066c95ec49d977dd5ab9219b3d0cef9dafec611f9518600","ccc8dfd694f1e565e3e3fde66dcfd3a1a905014df02701dd47d29184eacecfc2","e292b0beafd5e2fd726423cc048636508c4d33cb1f470e7fddd30b018ef34849","5fff5ee6f073b61ed29cb1b299154dcf1602952e4350f8b94a5951c6d7bddfef",1.8651530280423745,2.355246149642171,10.324858478197118,6.964208466443884,6.964208466443884,0.46045857639535104,0.46045857639535104,false,false,false,280,8,false,"HISTORICAL_EM_RESPONSE_CURRENT_MAPPING_DIAGNOSTIC_NOT_FRESH"
2,"widthfix_000005__000005__shard_000__1cd7332f3266a8df","a32039154e88105cc688e790f4df6c9185a08d589c77a00b2c1111e71960d965","cf825cfdfaba1841e0e792f19a08e29e5d42eea52654480ebe194a2c53706472","e292b0beafd5e2fd726423cc048636508c4d33cb1f470e7fddd30b018ef34849","15b3edb9883f14eeba6d6904285c68f0eb761b6a2243d365d0c007478baa1942",1.7600192563165373,1.6778185371003245,12.884247250446453,11.742858362440627,11.742858362440627,0.38299750466145294,0.38299750466145294,false,true,false,280,2,false,"HISTORICAL_EM_RESPONSE_CURRENT_MAPPING_DIAGNOSTIC_NOT_FRESH"
3,"widthfix_000006__000006__shard_000__1f6e24e0b55b490b","b7e3a666e23d8bf4b993ccce37c5a5d0235e5a807e17cdc75ece337988ba8e38","6f58298e643ca0c11fc61895a9c9c2db7f1e99afa3790f58fe7a5e592d4e9c94","e292b0beafd5e2fd726423cc048636508c4d33cb1f470e7fddd30b018ef34849","68a3742a22dccba884064e96e3ba2ebf7b041e48ef2d80585283dea99f84d436",1.2570572057627596,2.150132902458338,15.47090272189542,8.309226204384032,8.309226204384032,0.3681262125915277,0.3681262125915277,false,false,false,260,4,false,"HISTORICAL_EM_RESPONSE_CURRENT_MAPPING_DIAGNOSTIC_NOT_FRESH"
4,"widthfix_000010__000010__shard_000__251d65dee145c4ac","b5103a8eaf340c24d1c0b97e17cca3a3631353f1a57859747e4142c033c60438","d4ae82ab6d5180816ccc34d13f5e40ef9acb0b99d60817d728cc93d600657553","1f73a79b3a11de14b02fbc669b8a1bffaf74d0227cebefff2012a342f6ea5469","2dfccb91b75f000e5c3e306afe997399ef4e76579c68a7172b8ec6824e4b5ce9",2.0648746483445906,2.2698210199804225,11.279054490475318,9.259625926271008,9.259625926271008,0.5113333689942214,0.5113333689942214,false,false,false,282,8,false,"HISTORICAL_EM_RESPONSE_CURRENT_MAPPING_DIAGNOSTIC_NOT_FRESH"
5,"widthfix_000011__000011__shard_000__32aabc93bd5284f8","27d376b8bf7c81f2d5ab9cdd844770d24af6095c808682683749a3bb248aacdb","602d296e832479c8704c498a13c8ee86e4290df16f63fd9f5a5b2ca583827334","2efd70c9800008d7aa067a0a25fdb82461cee16a8b6de11678bc7808368a9433","4f224d0948a51222d3dadf3a0e9f75cf6a73ddd681aa8c833291938327bc1820",1.8185736083266189,1.8656277787238695,12.366169627262737,9.97162699036346,9.97162699036346,0.49783670551182085,0.49783670551182085,false,true,false,282,10,false,"HISTORICAL_EM_RESPONSE_CURRENT_MAPPING_DIAGNOSTIC_NOT_FRESH"
6,"widthfix_000013__000013__shard_000__3968b256f79ff1b3","795454bf43e9591157ac9373046492a2e0b28419d7df519f063ed3f257645493","8016903993ff0f1f427edc0539c1ee21800242a1dde9a64689c027c6b7feb87d","2efd70c9800008d7aa067a0a25fdb82461cee16a8b6de11678bc7808368a9433","69e520b9bf7e509f9ce1ec0886331446914a0488e04a8a4acbe25b70a9fceac2",2.5313007683566107,2.345359068392826,9.13378534179744,9.371711516551432,9.13378534179744,0.5990329882440499,0.5990329882440499,false,false,false,282,12,false,"HISTORICAL_EM_RESPONSE_CURRENT_MAPPING_DIAGNOSTIC_NOT_FRESH"
7,"widthfix_000014__000014__shard_000__39cc522d30e9c2da","e6b9086c1de3d93c7be414d69fa662b55a444325a7bb27d8078ba7f81ae9187d","c91b554501eab0e4a40c1cf5d1cc4915c23f29a8944446d26bb3daff22afcab8","e1772ff8ff3bbbdfaa1651d04777f755dab1adfc14900bdd8529339d1ef8138f","a75ff37e35f51b20ce4c9de88fc270933531ddb53a39bdd10d3eeb0d48d2dc81",1.7585935943262183,2.224208405931989,12.771728691400348,9.311866450694827,9.311866450694827,0.44238047198762104,0.44238047198762104,false,false,false,282,0,false,"HISTORICAL_EM_RESPONSE_CURRENT_MAPPING_DIAGNOSTIC_NOT_FRESH"
8,"widthfix_000017__000017__shard_000__52f64a605770f0e5","2dbd733e6ac4e4fa46f92f0ecbc1e7c2ce1015a85e0afcd4dd8e27539d63993b","b022b15623fe97b3a1746f11f748ff36884715048a61eeccb71f51ff4a02454a","1f73a79b3a11de14b02fbc669b8a1bffaf74d0227cebefff2012a342f6ea5469","a87b2ecf206788242226684524d7fa080dea7ef26d497ab019167e6f5abbfd65",2.400566132237974,2.225910088488787,10.166211744070255,10.316333641556009,10.166211744070255,0.4829565264483423,0.4829565264483423,false,false,false,280,8,false,"HISTORICAL_EM_RESPONSE_CURRENT_MAPPING_DIAGNOSTIC_NOT_FRESH"
9,"widthfix_000018__000018__shard_000__547dc126e556127d","5eda7bc51cf75c55cf2bff830e1360998ab58c535de78479daaf8823d2dc169f","e29b4501b24bb840f827422436e45d9c979ce0c06af36613ce873b00237bbe8e","e292b0beafd5e2fd726423cc048636508c4d33cb1f470e7fddd30b018ef34849","5b2c6f4170587ec2940eee012eb9dfba249cff4632866b61d5fef4eccb742a66",1.9379259781868527,1.7669695673571717,12.675910407646859,13.177426679982087,12.675910407646859,0.3446423278997258,0.3446423278997258,false,true,false,268,6,false,"HISTORICAL_EM_RESPONSE_CURRENT_MAPPING_DIAGNOSTIC_NOT_FRESH"
10,"widthfix_000019__000019__shard_000__592f15b1c989fd63","62dc7bfa5470ccc4fed96f9725c4dbe3f5406c4440199bf8d4ad30f12ec156f3","38e86757e6f97bdbe0facb36733b3d430d186bcb272a0e399b264c6c7058fcc6","e292b0beafd5e2fd726423cc048636508c4d33cb1f470e7fddd30b018ef34849","1fb4b26704847ac11625f5e322677377f400dd9ff7dd103d4e91445c5bb5c5be",1.7228607265445568,1.3795686564395582,13.526654001998681,15.117527273870332,13.526654001998681,0.33408793191109737,0.33408793191109737,false,true,false,278,4,false,"HISTORICAL_EM_RESPONSE_CURRENT_MAPPING_DIAGNOSTIC_NOT_FRESH"
11,"widthfix_000020__000020__shard_000__5d50a937f0960325","0133b458d9c15fedb4d5f953d4d485a8b7f70ecf02dbcd0a8380da42a4d7c413","987b83c427de37b51bd64e9af3d9cbae40c98f442ce9fa973c17c841add65184","2efd70c9800008d7aa067a0a25fdb82461cee16a8b6de11678bc7808368a9433","da404b9bdb51c04dce987c1395b94496a6e959dc196db0b38b23be62e851c3c9",2.267307586839859,2.28748323794083,11.206473143848987,11.07474792271517,11.07474792271517,0.42297279212899447,0.42297279212899447,false,false,false,282,8,false,"HISTORICAL_EM_RESPONSE_CURRENT_MAPPING_DIAGNOSTIC_NOT_FRESH"
12,"widthfix_000021__000021__shard_000__70841ce1ea4a91f1","ba5575fc6e2fa32dfc555159ac47a24d1f511001613f602b5f646e3379318751","582e755350ae2d9f434e3d4db7f6602546cf40351d7354e48f2308d96b5b95f9","2efd70c9800008d7aa067a0a25fdb82461cee16a8b6de11678bc7808368a9433","1af3aae6d6b3e8843ee78274ada3cfe792ee0c78069eb79ebdb88e525e4f4579",2.5194916147491284,2.283367624907787,10.398630755296919,11.318080887589806,10.398630755296919,0.5786247523380882,0.5786247523380882,false,false,false,282,4,false,"HISTORICAL_EM_RESPONSE_CURRENT_MAPPING_DIAGNOSTIC_NOT_FRESH"
13,"widthfix_000022__000022__shard_000__730c1e4a26eab74f","fbda50f6ec923526ebdd0b06979490aefdbf89b6d02d8425270caefc1e8ebc33","9447e3e58c683ff46d45be23f92e45cfa2bab8f1dd1ef98cd23cef08c0dcf00b","1f73a79b3a11de14b02fbc669b8a1bffaf74d0227cebefff2012a342f6ea5469","b2378b6f1d2fe6e02b9b93c9b92036d95bfa07c57285845f73212aff36e948d5",2.0692329955814674,2.4225068366398634,10.843139330182918,8.497142600167317,8.497142600167317,0.48333816690076187,0.48333816690076187,false,false,false,276,10,false,"HISTORICAL_EM_RESPONSE_CURRENT_MAPPING_DIAGNOSTIC_NOT_FRESH"
14,"widthfix_000023__000023__shard_000__731c47642379cac1","bf3d0e3627663de8d1b9cfa177ce0ecff35cda7a0883a9de9940dbe8709a304b","9d82c17af687d1fe6ec6c15d7601a8ea1db570f13e2dd7b3cf255b02bb2e1898","e292b0beafd5e2fd726423cc048636508c4d33cb1f470e7fddd30b018ef34849","9dd2ffed32b8753ac3a8572c922e1ac013a326ec3c3b096cbc7ed7078c533e2a",1.904040431946569,1.9539201100694956,12.201181068432865,12.260744659002109,12.201181068432865,0.4004819857920972,0.4004819857920972,false,true,false,282,2,false,"HISTORICAL_EM_RESPONSE_CURRENT_MAPPING_DIAGNOSTIC_NOT_FRESH"
15,"widthfix_000025__000025__shard_000__835b5e6cd451cb68","df662558c2dd6ff12c96b8099cfe95f7a6fc0a5621238bdf6d6b470e211a5729","c34a5ce53e62960f25949f846b2416558fd4477f92ef3f893e2b078bf765e6dc","4a6e44244a7caddfc239a8e3533ed64da240dd749eb71801b938f6ff6f1809af","1cae8fb092cdc8cecacc268a46200e8a72226b722bef6e89ca1db1a9cc443649",1.781743054981792,1.5550956863562033,13.48871671975761,14.84335825598234,13.48871671975761,0.30793184552844977,0.30793184552844977,true,true,true,270,2,false,"HISTORICAL_EM_RESPONSE_CURRENT_MAPPING_DIAGNOSTIC_NOT_FRESH"
16,"widthfix_000026__000026__shard_000__85504e346f084aa0","53f9cfc4f8081a4b701d2a21a045fa3daf4b329f64c34aea449754621af798f0","fd788596fb3d61abe315490ea5aa80c0e49f384439fe766154a43bab5c926a1e","1f73a79b3a11de14b02fbc669b8a1bffaf74d0227cebefff2012a342f6ea5469","85b2c7e29a631bfb35c4bb39d7cb134a2a5b8321e69f01e9880f296a630d2886",2.081407830485792,2.644958424436626,9.712727325189991,7.3284155349512945,7.3284155349512945,0.5993740626286391,0.5993740626286391,false,false,false,280,6,false,"HISTORICAL_EM_RESPONSE_CURRENT_MAPPING_DIAGNOSTIC_NOT_FRESH"
17,"widthfix_000027__000027__shard_000__911df01168e9b005","311321010ccadcf644fba3f409112eacaafa0295811a20a55fe52cb6e86f9c97","9cee1300287425172ee6b3aa6a7675da7f67bc706daaf5ff2304904fc2780ede","2efd70c9800008d7aa067a0a25fdb82461cee16a8b6de11678bc7808368a9433","6decd37421206964345f9bae717b57df432734f509b37420c4c17e44d6def314",1.4485187636891654,1.9118490352053592,15.582157645378599,10.165502860955177,10.165502860955177,0.3701193246901575,0.3701193246901575,false,true,false,282,8,false,"HISTORICAL_EM_RESPONSE_CURRENT_MAPPING_DIAGNOSTIC_NOT_FRESH"
18,"widthfix_000029__000029__shard_000__9b020209f85a9da6","abbf510f027e594b2e205fc4a6b79e479b21ffbdb3e6b9489be647a0fe0204a7","c72fc178aa7fe6dda6068c7e271d04974248efac296c91dd1de73d42c2c40ebb","2efd70c9800008d7aa067a0a25fdb82461cee16a8b6de11678bc7808368a9433","23561b5f7a26b169e1dff0e4f763ae40e02d3cf559c04a59d8d225a10437d0c1",2.0670825101156955,2.235620809034033,10.85815235893423,9.503738978654473,9.503738978654473,0.5196504946778723,0.5196504946778723,false,false,false,282,2,false,"HISTORICAL_EM_RESPONSE_CURRENT_MAPPING_DIAGNOSTIC_NOT_FRESH"
19,"widthfix_000030__000030__shard_000__9bdb44a1fb564962","853a76a1d694615947b3477b0fc5a1e49435a9ae1fea481397afe35b37792b58","b28d0449b32f9cda1964867e9f0a20f65550c76d158f6a134fc6716a3211ffc4","e292b0beafd5e2fd726423cc048636508c4d33cb1f470e7fddd30b018ef34849","8ff33b2b03e86c08f8fb5a930c6c2b7c869066151ed4b0a288fbe110882de338",1.9397671668863563,1.6725177252128969,12.127769042070842,12.609863843489348,12.127769042070842,0.46001633611401377,0.46001633611401377,false,true,false,280,12,false,"HISTORICAL_EM_RESPONSE_CURRENT_MAPPING_DIAGNOSTIC_NOT_FRESH"
20,"widthfix_000031__000031__shard_000__a15ad084f6b55457","a732c7862cdad9b74d9060a73c6f0bec26d8d22a7e89dc6e3228ce4084b18543","d6f74a7dc021ab6b11ccac9d35aed42c15b174b40d7ee366c6f3d92868dfac04","1f73a79b3a11de14b02fbc669b8a1bffaf74d0227cebefff2012a342f6ea5469","44fdb186c808e43c1c5b0da90b6c49ff3152b978c75d8a62829c16df729e3283",1.276023273967291,1.9900753911450944,16.469673045627513,8.988102917813475,8.988102917813475,0.30520076609458807,0.30520076609458807,false,true,false,280,6,false,"HISTORICAL_EM_RESPONSE_CURRENT_MAPPING_DIAGNOSTIC_NOT_FRESH"
21,"widthfix_000032__000032__shard_000__a6ddcbf4f7f25c0a","c3dcfcfadcbfaa2f4ec85bd3b9d07fdd710d88714828839e7c5f56a0642ce31a","d6d779575267a3c9dcb4ef76672f8ed4d66f1fe2f706d557670d8768bdef9583","4a6e44244a7caddfc239a8e3533ed64da240dd749eb71801b938f6ff6f1809af","dfd0d2238f1496ec3530fe64a770816e18a75cc86c81825fc1d0bf18ae80cbff",1.9757224653765877,2.728915127014654,9.66948663644158,7.023342366201414,7.023342366201414,0.5486038929864101,0.5486038929864101,false,false,false,282,6,false,"HISTORICAL_EM_RESPONSE_CURRENT_MAPPING_DIAGNOSTIC_NOT_FRESH"
22,"widthfix_000033__000033__shard_000__b240e08fa4ad410d","14a86a7eb6f8ad533e91374f7cf01731eba9d0d299a5e8e96ea0073e690995e1","b64c5fdb78bcadfd1ac00f704d64f6892572258677f5c76445a6e66625911992","4a6e44244a7caddfc239a8e3533ed64da240dd749eb71801b938f6ff6f1809af","ff880ac8cf11220114a1bf93b1c2507ac2a649775e887931c24add4b536c6fb6",1.9411034118887556,1.5639186248147534,12.413790214322288,14.107768347355258,12.413790214322288,0.3011662109865674,0.3011662109865674,false,true,false,188,8,false,"HISTORICAL_EM_RESPONSE_CURRENT_MAPPING_DIAGNOSTIC_NOT_FRESH"
23,"widthfix_000034__000034__shard_000__bfd1d418e426c8bd","823885b0b33d7e1df9a0b01b6260344095b116d1acc1edbba92a33190839adbf","7eb7479650dc9358e55bd51d9debe744010e6d428ec15e01b794567bfc9eff4e","e1772ff8ff3bbbdfaa1651d04777f755dab1adfc14900bdd8529339d1ef8138f","4af9d3bdb4be52a7be336986cdd10bb28a823bf3009e5177b0dada2929f7182c",1.758916049560312,1.8608643489199226,12.590704094179667,11.148062689308254,11.148062689308254,0.47839252295770734,0.47839252295770734,false,true,false,278,12,false,"HISTORICAL_EM_RESPONSE_CURRENT_MAPPING_DIAGNOSTIC_NOT_FRESH"
24,"widthfix_000036__000036__shard_000__cb3286c50f08e509","cd18696714f137cfb3786717ab0674546557284d44f814f759f68412e37b1974","c4710648173551bdba946c9c706bce6ba7ce544963d2f8130cd007e080bb1bb5","4a6e44244a7caddfc239a8e3533ed64da240dd749eb71801b938f6ff6f1809af","0aa888e55d75cbe8411b1a18eaae716f90f7e88ed0e18602625528c44cacc892",1.6662585440915885,1.4689104857849786,14.072889058830823,15.435427197197932,14.072889058830823,0.39123646574169874,0.39123646574169874,false,true,false,282,12,false,"HISTORICAL_EM_RESPONSE_CURRENT_MAPPING_DIAGNOSTIC_NOT_FRESH"
25,"widthfix_000042__000042__shard_000__e382bffb1d10ac78","5530f2615c660bce9d61c166c166d22e85012f4ab54c4b18a3e99597722a45d7","8668e265bc2e365891ce974fd815f463dfa8478acb60b81071a169dedb38ff39","e1772ff8ff3bbbdfaa1651d04777f755dab1adfc14900bdd8529339d1ef8138f","ea11deaf3fd2d76817bd3e2fc5b19f0cc866f7b49fb4b565183a8f19a1cf73d4",1.5215943011222341,2.189418497757597,13.895211520059705,8.374832553650032,8.374832553650032,0.4160635193789105,0.4160635193789105,false,false,false,280,12,false,"HISTORICAL_EM_RESPONSE_CURRENT_MAPPING_DIAGNOSTIC_NOT_FRESH"
26,"widthfix_000043__000043__shard_000__e5a2626729668851","19241f12ec1bebfe7aca4a4a35a7896dd50b6e5114296f981f2044a1883c80fe","3e57f4a19c5e5c261414c962077825eab45e6a3ff9201c8d14140b0c49ba428b","4a6e44244a7caddfc239a8e3533ed64da240dd749eb71801b938f6ff6f1809af","9e48a9258acde5549c799f95f91765af05e5ffaa2a329448154935df8de140ee",1.9182628288450363,1.8458498557553702,13.269332257526374,11.721768118139096,11.721768118139096,0.4141040915628329,0.4141040915628329,false,true,false,278,8,false,"HISTORICAL_EM_RESPONSE_CURRENT_MAPPING_DIAGNOSTIC_NOT_FRESH"
27,"widthfix_000044__000044__shard_000__ead097a1e297105e","7a2a729c25a247079bbc5ec425fb86f3e62d6b91ce113647b6cf531faa846e26","2d2ea65cc5663f46bf00f83cee1cbdea0ab561b77cba90d85fff378349f8aa2f","e1772ff8ff3bbbdfaa1651d04777f755dab1adfc14900bdd8529339d1ef8138f","58a58311484beb018baf6bf959e1fd3928bb93fdad37739376177dd088855cc9",1.3915732647843615,1.5288192002670942,15.262668140971128,14.301363673246074,14.301363673246074,0.4757126362851632,0.4757126362851632,false,true,false,282,2,false,"HISTORICAL_EM_RESPONSE_CURRENT_MAPPING_DIAGNOSTIC_NOT_FRESH"
28,"widthfix_000045__000045__shard_000__eb5a5608b3bdb2e0","a6c3da5dbaa80d3ad083d054314f44ad07e1476ba268becee5becc113e859cfb","a598f521a3df72144fe6a98028c6faf6e0bfab7c03abe1d1770332b5d1f99448","2efd70c9800008d7aa067a0a25fdb82461cee16a8b6de11678bc7808368a9433","748faca81be626d6a06a3fa7732466342ec86f4719a7d7d28a2614b0580fe5d8",2.126556293920293,2.3982167364132545,9.663456614993981,8.584179158243812,8.584179158243812,0.6708040511864579,0.6708040511864579,false,false,false,278,4,false,"HISTORICAL_EM_RESPONSE_CURRENT_MAPPING_DIAGNOSTIC_NOT_FRESH"
29,"widthfix_000046__000046__shard_000__f905e1b59a9578ec","45d7b8809b54f6e94efbb8c90a6029034d3af8accf549abef2e5512963e90f56","42ba0aaae51143722f65bbca2e37d8a98b51637caf96893d6c84eb2583dab205","4a6e44244a7caddfc239a8e3533ed64da240dd749eb71801b938f6ff6f1809af","b13ac4fc2c3792295abaa4fb02a2c32ab413d5c58dc5a2cda548f4c306d903bc",1.9405404265567023,2.3613910476529054,11.50329481999156,9.362832638781,9.362832638781,0.41520007571128104,0.41520007571128104,false,false,false,282,6,false,"HISTORICAL_EM_RESPONSE_CURRENT_MAPPING_DIAGNOSTIC_NOT_FRESH"
30,"widthfix_000048__000048__shard_000__fdd26a514786d5e4","3c3520a17fa8a32b0d3bb9d2df05a806e5435545b85279af7597ff72207d1c2f","fa1073b7cec57b8f0d213d18dd97b19d6e6d31002ce9e9e215614501a7ebc047","e292b0beafd5e2fd726423cc048636508c4d33cb1f470e7fddd30b018ef34849","7522ee97499c423f4cdd25370bae1ad06638f6abaa3628d4eca2f31903206563",1.730548158592452,2.4209433687201782,10.970523683362469,8.362185587113046,8.362185587113046,0.5663077149278353,0.5663077149278353,false,false,false,220,2,false,"HISTORICAL_EM_RESPONSE_CURRENT_MAPPING_DIAGNOSTIC_NOT_FRESH"
31,"widthfix_000049__000049__shard_000__fef7204124dcc368","1711b8cca71ae2abcd35594acc883883d8d3f95b09fa59b81c761520dc89860e","900a63408ff256c058e3b95155d47faaf180f8927a8e09c2c2fc97d09c58d678","4a6e44244a7caddfc239a8e3533ed64da240dd749eb71801b938f6ff6f1809af","5bb1ff49cb7ca13f47bfd4bb89387988ed18e4eabc951e70bda0f3bc93a42be5",2.386674174127102,2.2368532472593996,10.451784001823151,11.42235190776131,10.451784001823151,0.42704488486425524,0.42704488486425524,false,false,false,282,8,false,"HISTORICAL_EM_RESPONSE_CURRENT_MAPPING_DIAGNOSTIC_NOT_FRESH"
32,"widthfix_000051__000051__shard_001__030854c966fb6c9a","a7faf56b4bd58010be0065200e4e79c3cb09dc344e3da5bbe3b586fe1379373f","ebfce988d267b79999714c9e9dae2e3eaad9d443e175bb1f40e4cff263eba886","a9716271d2edcb029c386554dd1fdffab37ca577bf108f526efbf97ab0942096","fb37169a2506c69dfdd1726468028fd676b47ea7e4eeba86d7bff1833fa12b3b",2.1262287744959987,1.9638097093661384,9.94745179005424,9.408664614460301,9.408664614460301,0.5076630630543167,0.5076630630543167,false,false,false,282,8,false,"HISTORICAL_EM_RESPONSE_CURRENT_MAPPING_DIAGNOSTIC_NOT_FRESH"
33,"widthfix_000052__000052__shard_001__086d655307623b06","bc54d05e90b22dffe37c9bd653923bfb3f5c9a0b7041ffe5a2bf5d5e096e9b2d","2d7df1857059350636aa24bff14e2a65c31883ec3a180f53f6726d0a497d1389","14381580bd8c8e26cc680b827cf421e2f64d0927d199a20b8d0bd45d560afa64","a64342eebf73933fa1934c7ab7d10512eef68fb18a52237dfb4b1335e9a03893",2.0934748487780284,1.9962121538275144,10.349386393165979,9.897584954897123,9.897584954897123,0.45122475335666345,0.45122475335666345,false,false,false,282,6,false,"HISTORICAL_EM_RESPONSE_CURRENT_MAPPING_DIAGNOSTIC_NOT_FRESH"
34,"widthfix_000055__000055__shard_001__14ca24170e178791","4ad1c53a9533f4115ef4e73ec5a2b92809434e21df00b82e4b4451311572102b","7e8e2e2180a85820299e126cda91e913bd278dbcc6bbbe26329c530b88aef052","d846ec23946c8e1c707f878d6b19821e835be5b584c307322c6a709fade2420d","5017bf1e3e2996dc2ad1b5e180ef9966deb842e5f2f3af37851e3e691429a306",1.9470360574741037,2.4700612434600235,11.472844659276724,9.656099836261939,9.656099836261939,0.4686672873989198,0.4686672873989198,false,false,false,274,4,false,"HISTORICAL_EM_RESPONSE_CURRENT_MAPPING_DIAGNOSTIC_NOT_FRESH"
35,"widthfix_000056__000056__shard_001__14da8575d109d542","35993a62c9c07450f9480d14bc3506c50492bafef3fd7f0105e115808f5bee6f","b07a680a5de67f5ab8dc70a63fd7b05a2108df2125d5a7ffde2e30862d964efa","d846ec23946c8e1c707f878d6b19821e835be5b584c307322c6a709fade2420d","4d3352e6c9448d84c231a358343aa06a07611e216a15422da3464361c1f98738",2.556780553384192,2.5873419858438695,7.476358968680444,6.54860470001397,6.54860470001397,0.6750772681800319,0.6750772681800319,false,false,false,272,6,false,"HISTORICAL_EM_RESPONSE_CURRENT_MAPPING_DIAGNOSTIC_NOT_FRESH"
36,"widthfix_000058__000058__shard_001__2472a577c979d4b5","829824dae4a8dfcab45e5e60e13c86f58b8bb7985b92d970e69f75b8fd7ac984","f90ef64c35f80d97753cce46a444c95058605e40b5327984e9d6a5de736b997e","14381580bd8c8e26cc680b827cf421e2f64d0927d199a20b8d0bd45d560afa64","bc5dd4bbf461ba57ce05d6cb40118790116c160ec2b48a78ad7f5d7ea536eca1",1.583535969746303,2.42543125756784,13.929238199339569,9.540832395389794,9.540832395389794,0.3154241090812493,0.3154241090812493,false,false,false,282,4,false,"HISTORICAL_EM_RESPONSE_CURRENT_MAPPING_DIAGNOSTIC_NOT_FRESH"
37,"widthfix_000059__000059__shard_001__2e6bfa1bd604d52e","6150b528ef2d3cc6e2a433ab8f6b39f7d98589458588a43580fbab0402a089e3","db5cb4915bf279983aa26852342cfbae432232f8fd98eb2bcb45de9a1d2f0de5","d29027b2202c368cd0e8ed34f8b2cbd7618c449f22556ba8c88f0327584d2865","377d6bf51ef183e017368ff8d0fbee13fd2c439118631efec40f4c32554e2d30",2.254408197699536,2.44990896424148,9.943125744415447,8.736927748217214,8.736927748217214,0.4824184672748821,0.4824184672748821,false,false,false,170,8,false,"HISTORICAL_EM_RESPONSE_CURRENT_MAPPING_DIAGNOSTIC_NOT_FRESH"
38,"widthfix_000060__000060__shard_001__312dbf3928e7c81f","74efd4a2187eaa6a1893a710c50405f882820f9d40946e739b75d5bdb0b4bff1","387b94bcf3d0f8e3e2c5550b72eb300e7439e87f7a682cf0968bbb39adb8f760","14381580bd8c8e26cc680b827cf421e2f64d0927d199a20b8d0bd45d560afa64","4d07d1ae44699802196bbde99af4e016552f4553fdb2653da0915e0bb1d59699",2.7376519882773738,2.3349192505874203,8.215207649620863,7.944921332982393,7.944921332982393,0.3938044189570571,0.3938044189570571,false,false,false,282,2,false,"HISTORICAL_EM_RESPONSE_CURRENT_MAPPING_DIAGNOSTIC_NOT_FRESH"
39,"widthfix_000061__000061__shard_001__31819486c7ad38b6","3065811265304cc336f4795c2eb37867075005a66eadc127ac1c6c62a0578b63","bbef41a8352560c8d3b72b52e1d8fc77ce04ddf4de91ababd1790652bb03c317","d846ec23946c8e1c707f878d6b19821e835be5b584c307322c6a709fade2420d","57b9f2392961e127563c2d37c1119a5bbe0638f82f967ba18e86b97cc247dc38",2.267496496536289,2.2336587396812813,10.083551898817051,10.566036189605043,10.083551898817051,0.43506722989621666,0.43506722989621666,false,false,false,266,4,false,"HISTORICAL_EM_RESPONSE_CURRENT_MAPPING_DIAGNOSTIC_NOT_FRESH"
40,"widthfix_000064__000064__shard_001__467f43b2063e2df6","239eb76ab3fee59152ba441534245986a521f42d1ddfa42352ecba18d750e855","9df8876fb7c4a654db0e152717459e611339e913c683279ef732572ca70a8c6c","14381580bd8c8e26cc680b827cf421e2f64d0927d199a20b8d0bd45d560afa64","0eac663c5f0b1b6635cdb122e7c751eaa8b43c3a53ca676e866e84efc9fdc4c2",2.23749289695711,1.9136983038623805,9.621968468609902,9.178579803577945,9.178579803577945,0.5388419080517722,0.5388419080517722,false,false,false,278,0,false,"HISTORICAL_EM_RESPONSE_CURRENT_MAPPING_DIAGNOSTIC_NOT_FRESH"
41,"widthfix_000066__000066__shard_001__493eea039e1e514e","e2f21d77ab2cbf94cd2932840dad9313b9619d0368548bc95d1d07d7cfb343fb","c3f68379aff81f10560bed6988c1402c187c3945389bb58765e3d42dea606bca","d29027b2202c368cd0e8ed34f8b2cbd7618c449f22556ba8c88f0327584d2865","38ce65fe93d0b32cfb8e1bcca3ee41fccc78392d7934c2373ae7985c7f6d8a71",2.042701934909236,1.7989845826406459,11.378752556191357,12.186130031041056,11.378752556191357,0.37650264133536027,0.37650264133536027,false,false,false,276,8,false,"HISTORICAL_EM_RESPONSE_CURRENT_MAPPING_DIAGNOSTIC_NOT_FRESH"
42,"widthfix_000068__000068__shard_001__6368b017b98fefb8","429c1c8bf3782760ea2eac7647c675a100b6e1d5f62d074e11919e491fdd999b","6cd9c66f96de08bec7b1c24aa7a68610624ec2c570cdf9462a72005b4cd3a25e","14381580bd8c8e26cc680b827cf421e2f64d0927d199a20b8d0bd45d560afa64","cf39cee834a91a715d4eac3104599e7440fcd6dc7f72e690efa9a0e67f3374ed",2.156936764219976,2.373490680275326,9.54334472564165,7.667154218103379,7.667154218103379,0.4684047178019365,0.4684047178019365,false,false,false,282,10,false,"HISTORICAL_EM_RESPONSE_CURRENT_MAPPING_DIAGNOSTIC_NOT_FRESH"
43,"widthfix_000069__000069__shard_001__80232db3937781b5","effcecdc44165f39c7b0057cb194dde017cde4defc226614fcb621cb5201a715","1f7ca1fe6d1d63ac427a5936cce4b40900cc4382967351cfe83f055d28820c95","a9716271d2edcb029c386554dd1fdffab37ca577bf108f526efbf97ab0942096","c9f83a42998735dd2b85a1ff8451030cc695d3fce939ac8ff30db2f5077141dc",2.069884390700023,2.2117350286524244,10.42380849051659,8.220186844042646,8.220186844042646,0.451826699348516,0.451826699348516,false,false,false,262,4,false,"HISTORICAL_EM_RESPONSE_CURRENT_MAPPING_DIAGNOSTIC_NOT_FRESH"
44,"widthfix_000072__000072__shard_001__8b3ca8927d3cbbf6","15890be957ac72c03e81d5e9c5115c0c190b08fb93068145430bdc1b8f2c4432","71f99663ead6a450069a235714a41bef89c401bd4916794b8c7b81ebd6103f44","d29027b2202c368cd0e8ed34f8b2cbd7618c449f22556ba8c88f0327584d2865","8bb4d344dff59f8bcc3be5e0d2cffaa8db452477148e86346bd8e7fa75e7667e",2.479951305936071,1.8067764659860144,9.523080006871139,10.567828889775262,9.523080006871139,0.4186427021882773,0.4186427021882773,false,false,false,278,2,false,"HISTORICAL_EM_RESPONSE_CURRENT_MAPPING_DIAGNOSTIC_NOT_FRESH"
45,"widthfix_000073__000073__shard_001__8fc5d476e2ebb283","fc7c6d455fa73f94e84d4256d265f2b9682d19578ab5c28a7e82d9c8d72186dd","23c6c25f5bb043d396b82845670bba02e8b46e0cfec87eacdda8a9c04487299d","a9716271d2edcb029c386554dd1fdffab37ca577bf108f526efbf97ab0942096","4f7803a76dd97ee69a0b9dd6fc9c9151d5948968248770f8279c1dfa58fcfa09",2.382844845106703,1.8497347550226673,9.57166961267638,11.033176471457482,9.57166961267638,0.37178724823938675,0.37178724823938675,false,false,false,282,4,false,"HISTORICAL_EM_RESPONSE_CURRENT_MAPPING_DIAGNOSTIC_NOT_FRESH"
46,"widthfix_000074__000074__shard_001__9148ddbd669e7547","1b40a203d9f6800b674cb24fdcaf87a9df6c65341a7bce4c238f377dd256f4b3","b0159c34688d2efc9cf243b9e7c9d80114b2f20a95b1e81ef1386596a202f89b","14381580bd8c8e26cc680b827cf421e2f64d0927d199a20b8d0bd45d560afa64","3ce7e3ed688e9d5b9e06f099f71e43595d6aceae7c28483c5392a01f4662674c",1.7835214534688881,1.819117399862627,12.665265668109344,12.610269756730977,12.610269756730977,0.5055739175289828,0.5055739175289828,false,true,false,282,6,false,"HISTORICAL_EM_RESPONSE_CURRENT_MAPPING_DIAGNOSTIC_NOT_FRESH"
47,"widthfix_000076__000076__shard_001__9f722913ad953e24","39fdf680c9693a8494e22a5e5b770c7dd1d876ae1d42342fcdc52c6667baa4d0","f99309800a8b6ef2b55360bfcdd13bc168e7650a4854ff5d94fca98db116a294","14381580bd8c8e26cc680b827cf421e2f64d0927d199a20b8d0bd45d560afa64","d1821c4ade43588cabf98349cc4537e1e649d26e8d2aced84268f7d575ea5418",2.281935091834123,2.102132326579467,8.153527320888792,7.517061425362973,7.517061425362973,0.5528019446675508,0.5528019446675508,false,false,false,280,6,false,"HISTORICAL_EM_RESPONSE_CURRENT_MAPPING_DIAGNOSTIC_NOT_FRESH"
48,"widthfix_000081__000081__shard_001__bb6747cf6d0dd37b","97705147f684a878565bc10036728ce962e48e3070db08de45b9aed148f7d2a1","d94fce8940a9fed6a5a5645d910789abd70cb6373dfa2ff6eb378b531646283b","a9716271d2edcb029c386554dd1fdffab37ca577bf108f526efbf97ab0942096","1eff0f11234b17dd4ad1b043296d0035a519a9ab218ae7ec23557c74e9d69151",2.525121139721238,2.2953086789559403,7.7279041764107035,7.133943860868321,7.133943860868321,0.606750490451038,0.606750490451038,false,false,false,282,4,false,"HISTORICAL_EM_RESPONSE_CURRENT_MAPPING_DIAGNOSTIC_NOT_FRESH"
49,"widthfix_000082__000082__shard_001__c05f66054fa1e2bc","1cb0e638bf15a430551648f76404ea7e6dfd58b4282924e7cd666d446ed09e19","c819fe2659da855c47220a1414533e85aa8ef814d2c00cf8140b9c019339d801","d846ec23946c8e1c707f878d6b19821e835be5b584c307322c6a709fade2420d","98e45ca40e5c87b8aa9d95a0a05b9163322262aa894938364a004bf5e93621be",2.283759922667118,2.5017783266256615,11.765742581267368,10.121882674026738,10.121882674026738,0.3587402919052777,0.3587402919052777,false,false,false,282,8,false,"HISTORICAL_EM_RESPONSE_CURRENT_MAPPING_DIAGNOSTIC_NOT_FRESH"
50,"widthfix_000085__000085__shard_001__ca41fc3853cc9c68","d7b3e20aa363af049a1a8c97779ab56cd34b08a54999dc8dda2c8ed709a84653","ebaa8a1c45a9b4d4e4f2f3c3f259d117d9b1c21efb616b15a2dfe3271e5c2502","a9716271d2edcb029c386554dd1fdffab37ca577bf108f526efbf97ab0942096","7381508b06ead62bf4eb1ea2927485a7ea6ea38fb1e168ad8914a1eb9449f65f",2.700992716233057,2.926907796815093,8.240693847610968,6.213682189951616,6.213682189951616,0.4197595933941107,0.4197595933941107,false,false,false,280,12,false,"HISTORICAL_EM_RESPONSE_CURRENT_MAPPING_DIAGNOSTIC_NOT_FRESH"
51,"widthfix_000087__000087__shard_001__cf6112a31736dbc3","9e4adc01aac5b28acb7e2f5568ef3c2cb16acb7c1e8b600faab7d4d62606f13e","c006835887f911e8e0bc06f2833458d5f3ef11944134cb56ef43382276b405ed","d29027b2202c368cd0e8ed34f8b2cbd7618c449f22556ba8c88f0327584d2865","26311af766453580503ddc3988754edce31525512f0cfb19f3b82d2da15716b7",2.9738750257661306,2.7933444041882334,7.930711205597034,7.639314647426443,7.639314647426443,0.5288755589578988,0.5288755589578988,false,false,false,282,4,false,"HISTORICAL_EM_RESPONSE_CURRENT_MAPPING_DIAGNOSTIC_NOT_FRESH"
52,"widthfix_000088__000088__shard_001__da34e27363df8737","c369892e74bae08eed0d02cd87d06645b96c4c0fdbeb0873d64f2d2d2cbe8c03","ada6d1f4437077286b8783962b2c3ec1b6dbd308ea5a6a6c8c6d501c33f445bc","a9716271d2edcb029c386554dd1fdffab37ca577bf108f526efbf97ab0942096","422d4ee5e8771ac927ef21a70f3449682afe280468e256befbc28d8f7192cb08",2.306825029341365,2.5852784299801863,10.36062791018907,8.743130777105979,8.743130777105979,0.33838132929162157,0.33838132929162157,false,false,false,282,0,false,"HISTORICAL_EM_RESPONSE_CURRENT_MAPPING_DIAGNOSTIC_NOT_FRESH"
53,"widthfix_000090__000090__shard_001__e363a3a953eb6533","dbdf942cb96c7961da8b450569315d42efdf6989ac162c5b6f377e64e0da7b66","b95075fecadf1076f4666d5c77a0f7cf1c1ce54bf2d42b2402f40d93efed086f","14381580bd8c8e26cc680b827cf421e2f64d0927d199a20b8d0bd45d560afa64","4903ee72a03c23583d80f1ae4c617167cbb1012513d07958e2b0c0eed7b0e44f",2.4488008389999965,2.3424085725478605,10.04654345207729,9.461292238299462,9.461292238299462,0.5228437678055561,0.5228437678055561,false,false,false,278,2,false,"HISTORICAL_EM_RESPONSE_CURRENT_MAPPING_DIAGNOSTIC_NOT_FRESH"
54,"widthfix_000091__000091__shard_001__e50ed865cd0c4f17","dcd461a79a0bd48cd90bb1df2846bc11fcfff918ef06819fd9b51348738e3d36","f87f984866a97206953185a2dbeba709e5623b6bc67758c51ce108f264f00cc6","d846ec23946c8e1c707f878d6b19821e835be5b584c307322c6a709fade2420d","4437d4142ac8b57376046094e1303c0e43a792071236b4775e121306f22195bd",2.768717318819235,2.5931631430125277,8.440197319108947,8.77215818289244,8.440197319108947,0.5073681748243479,0.5073681748243479,false,false,false,282,2,false,"HISTORICAL_EM_RESPONSE_CURRENT_MAPPING_DIAGNOSTIC_NOT_FRESH"
55,"widthfix_000092__000092__shard_001__e51f1d6db4dafee0","0c4bb3f73f12ebd5f48d93961ca1ee8a7a83609d8da0e90efb0a5434a869ee4d","5225bfe9b78cd38a1d597542d967aad06c7dd9ebc8289d04bb449edcc3b80ae8","a9716271d2edcb029c386554dd1fdffab37ca577bf108f526efbf97ab0942096","f95114c73f237c90a4ae5e50d2c5c3b3c4a0b87282b316a9a9177c96267b1b49",2.173251146767068,1.733821095948396,10.444933371337514,10.679633181614676,10.444933371337514,0.4323331994977376,0.4323331994977376,false,false,false,282,0,false,"HISTORICAL_EM_RESPONSE_CURRENT_MAPPING_DIAGNOSTIC_NOT_FRESH"
56,"widthfix_000093__000093__shard_001__f2ecc9a2488e5704","3c96573133c510aa829bb3b7a6a2e2e28c1c170ce7474b32c7110ee3366328c0","e1328a7f4401d42e9b6fa16f947f9a81b6fe541804cf48b177c216b4a5778726","a9716271d2edcb029c386554dd1fdffab37ca577bf108f526efbf97ab0942096","9151bbb8d2109934e426b293d9114d0d3ac779846007b2a83e75dd1dcbef03fc",2.5163683345967254,2.118175073212584,10.142468891345585,11.273666446749662,10.142468891345585,0.4473990242670055,0.4473990242670055,false,false,false,188,6,false,"HISTORICAL_EM_RESPONSE_CURRENT_MAPPING_DIAGNOSTIC_NOT_FRESH"
57,"widthfix_000094__000094__shard_001__f64b3760ee561c61","cf9535c06fb571ca5e8fe7844020711780d68d2271484cf40d8a3481ff8c8219","9b2d79ae327644f7503b279eda596e9ac1add88aaa3dce12ed1958c962c15147","14381580bd8c8e26cc680b827cf421e2f64d0927d199a20b8d0bd45d560afa64","7abb4b46a69592aa89ddcf04898db4404bb577c3859d7b1c237719419fc5ce4e",2.00947487865483,1.8930552412082093,12.093168168736078,10.557491271139732,10.557491271139732,0.3397030938609109,0.3397030938609109,false,false,false,282,2,false,"HISTORICAL_EM_RESPONSE_CURRENT_MAPPING_DIAGNOSTIC_NOT_FRESH"
58,"widthfix_000095__000095__shard_001__fe2cd2bd4c500315","e42deca88906e9e532ba529e2d04b46bb297a0d5399da09965447313948751bb","49c39adcb0067f58caa2543c3c6b03c43291fcc3ad23581c3d5713c5b59442b7","d846ec23946c8e1c707f878d6b19821e835be5b584c307322c6a709fade2420d","b584c1aba9ee62aee6ed73cd6dd6c540dc747928c67e249217bbcfabbf0823d1",2.816932370215915,2.3995203357186927,6.914867133127053,6.795960735371622,6.795960735371622,0.6735874372955222,0.6735874372955222,false,false,false,278,6,false,"HISTORICAL_EM_RESPONSE_CURRENT_MAPPING_DIAGNOSTIC_NOT_FRESH"
59,"widthfix_000096__000096__shard_001__fec1d6d53a91d566","a9619116dc3f79387387f1547af2d4720754250bc8bd58d5f8cca48199ad10be","5550893e9df705ddccdd1cb2ad228533e22b27b3e5d1ef7369faaaa9f344b5f5","d29027b2202c368cd0e8ed34f8b2cbd7618c449f22556ba8c88f0327584d2865","1558f85c612e2d0e3a9b2281326bfa56a1fca7e2a6cfd6ec97edb3e729e5f102",2.324620928607127,2.177116129813235,8.004000680328257,7.66124845227006,7.66124845227006,0.6271952363619787,0.6271952363619787,false,false,false,278,12,false,"HISTORICAL_EM_RESPONSE_CURRENT_MAPPING_DIAGNOSTIC_NOT_FRESH"
60,"widthfix_000097__000097__shard_002__077efee6a058e208","ed323d13b32bd29ecd43ec14aa9c686cb31cd604c5c3bc37a88b1e93fd4a2c99","1416cad1d082316a51128cc22aacebf0f1214a46ff4bd79a6b43b90c6d19a1cc","be4d6386395cc6f01382a8479721329aa6666c1003268116d72cd1bff1d5393c","cb8e3e0f1745c957a83fd23fb1db59491bf835a397558a0f547278a645161ea6",2.571665732224736,1.8514561033004988,9.703812172601324,12.712705581380654,9.703812172601324,0.4180378886660353,0.4180378886660353,false,false,false,276,0,false,"HISTORICAL_EM_RESPONSE_CURRENT_MAPPING_DIAGNOSTIC_NOT_FRESH"
61,"widthfix_000098__000098__shard_002__0a2a259892b82078","fe2eac70c629caafcd00240b7fb8703ed12a751f62c4b4825f12d2b99290fc0f","ac83c6357a8c402592a3c6b8d1c0523f2352ebafda39e3bdecb0b5f0c28f61a8","9d8fb95cf6d77fabf4476ab46c3763bb86a8141d9e25db771f2828eee8d52a8a","3bb54dcefc5a1b0bdccdccf66b3e67393dbb4aa6a1565281ce48ff56578e8734",2.7177744584678676,2.109888310524667,7.010276180502815,7.711360100639945,7.010276180502815,0.5665983009174467,0.5665983009174467,false,false,false,282,12,false,"HISTORICAL_EM_RESPONSE_CURRENT_MAPPING_DIAGNOSTIC_NOT_FRESH"
62,"widthfix_000099__000099__shard_002__0c90732a3fdf4420","56ed2c498987cc3a91bfe1b4f034b028adef75e926b474319b2f755bd97334cd","fdf1fe1b6e8ba7ced251a42a0ebdd834ada06d21048b99ca910b1fea86668c77","dfc2b7b35dee7ba4fef43474cdbf0ddb761195839813b179c1d0f5684bfc9653","24433e82d117a2ba45f372dadd8898460be6f0d938bf42cb32798dca1713ac5a",1.6976740394699885,2.0743391902360706,13.02171763304728,11.426177077215046,11.426177077215046,0.39969978936705053,0.39969978936705053,false,false,false,282,8,false,"HISTORICAL_EM_RESPONSE_CURRENT_MAPPING_DIAGNOSTIC_NOT_FRESH"
63,"widthfix_000100__000100__shard_002__137df0a5f24bdfb2","b4ee28682134c1600ae04a1be4c480dd0612fddbad1e0a219a9bff346e673b0f","b71ee9eadbbd9c6a3967cec161da5a6ac2be652e974ac096d9101058fb1e402f","be4d6386395cc6f01382a8479721329aa6666c1003268116d72cd1bff1d5393c","def23f2aecb926ba9d6509f2391e538d10e296ad15fb8432193c9513e2701846",2.1150267092230086,2.0058977640894433,11.431816331980865,11.871488487345035,11.431816331980865,0.4656103263062473,0.4656103263062473,false,false,false,282,4,false,"HISTORICAL_EM_RESPONSE_CURRENT_MAPPING_DIAGNOSTIC_NOT_FRESH"
64,"widthfix_000101__000101__shard_002__1423448a8135075b","3241207d40e1e61c25b27ba806e155e6a8b7b61b45af478d597a20e64e056721","4ae52cbb5d169fd27ebfe285406635ec764028c3fcec70e81ba78c9168893b58","be4d6386395cc6f01382a8479721329aa6666c1003268116d72cd1bff1d5393c","10caa6457c6feca0e505222c6a41bf76afea8496b0d0dba0c237a0cb6682a34e",2.01406823117823,1.9874995000064055,9.083090983135696,7.942006547612614,7.942006547612614,0.6736341062455277,0.6736341062455277,false,false,false,226,2,false,"HISTORICAL_EM_RESPONSE_CURRENT_MAPPING_DIAGNOSTIC_NOT_FRESH"
65,"widthfix_000103__000103__shard_002__23541f4e648f7a9f","e100e7594c4fe3ae5796ff64e56c8d6754837d87e10fb452f9028f72896eb54a","678eb487caee829ab7b8b04d6e261f6f15b750fe2e38bf95f5ee0872105353e1","8fe49e04eb3bf97a4cbda0411e4f04c78bdf17c385e0b1b51228c607e4a2175f","ef2a4a92f27f0fc52338aa142205ab4c8b34bac1d0c7fb0285041525d4025dce",2.191922278565215,2.750976549054655,8.971336230840382,7.498920688908631,7.498920688908631,0.6998498977935076,0.6998498977935076,false,false,false,282,2,false,"HISTORICAL_EM_RESPONSE_CURRENT_MAPPING_DIAGNOSTIC_NOT_FRESH"
66,"widthfix_000104__000104__shard_002__23b6ff6a2e706baa","e5916fabf7652859dca364dafe4f5f19454755e5522f50ab8acfe87d2a84414f","5ad1a5ec6e5e7d3a2c0da689261f46ed43872f4b9514675afa986ccd21f9e5e9","dfc2b7b35dee7ba4fef43474cdbf0ddb761195839813b179c1d0f5684bfc9653","b19f9f7f818e9a401b55cea7e582caa7f2108fd7cfe36b541523085c271f4bc4",1.5329095769267567,1.7951986317181927,14.161655643674852,10.825521158037148,10.825521158037148,0.41248716221459275,0.41248716221459275,false,true,false,272,0,false,"HISTORICAL_EM_RESPONSE_CURRENT_MAPPING_DIAGNOSTIC_NOT_FRESH"
67,"widthfix_000106__000106__shard_002__44ac8a0131555ddc","0ba35177d262312385cbc72099170426bec21c9f02b1d2dfebb71a89278d42e1","8c3ed20e29d0950edbd361b1e735bb8324656837f60747b05a41ad4d733ab8f0","dfc2b7b35dee7ba4fef43474cdbf0ddb761195839813b179c1d0f5684bfc9653","ffd167e037e7f947d1fe537f55f56bb6d6b0926d03ec0658aeb185d0529e73aa",2.5053487379081862,2.2144196895459793,10.094357879528275,11.944374600302067,10.094357879528275,0.4878366251164721,0.4878366251164721,false,false,false,282,4,false,"HISTORICAL_EM_RESPONSE_CURRENT_MAPPING_DIAGNOSTIC_NOT_FRESH"
68,"widthfix_000107__000107__shard_002__45db531aa9c95293","5f39e84a110919288d5ba47fb6cdaeba0f0a044573ba4997e700fac40588a8dd","9b55df1693d4879843de76108a167a573022726e0252508b62cb9a5a1a3adbad","9d8fb95cf6d77fabf4476ab46c3763bb86a8141d9e25db771f2828eee8d52a8a","8f28e98c39eec20c54ab2068404098d9cc92acec2bf8b761e1a4d708bb8b6362",2.309859011844418,2.2838059094470333,8.236617738203178,7.393086778129966,7.393086778129966,0.5876193043373866,0.5876193043373866,false,false,false,282,0,false,"HISTORICAL_EM_RESPONSE_CURRENT_MAPPING_DIAGNOSTIC_NOT_FRESH"
69,"widthfix_000108__000108__shard_002__49fa91119388e7a0","f6c75101d13753b52257d97ce777ec8751827377bf596ab182dba79a5dcecf27","16c0d58f00257ed030bd8416452181c542d6456819ed890f887ab62dde76ddb4","be4d6386395cc6f01382a8479721329aa6666c1003268116d72cd1bff1d5393c","91dd0f8624e9db672850b7d790008c5fc3c0ac86f1f405e0866f5bacd16db90b",2.028175115673244,1.9169733370819706,11.010202956596299,10.633296878203023,10.633296878203023,0.4350159883087837,0.4350159883087837,false,false,false,240,2,false,"HISTORICAL_EM_RESPONSE_CURRENT_MAPPING_DIAGNOSTIC_NOT_FRESH"
70,"widthfix_000109__000109__shard_002__533ba16fdf99ebe8","5cefc149425cb195260a4417e34f4a40c0ec867ce35018f43bd0e5802eff9442","39e5275c914d8659e893dd36b8173f44e871914cbf9c5de3120f3e903441c14a","8fe49e04eb3bf97a4cbda0411e4f04c78bdf17c385e0b1b51228c607e4a2175f","f765bf795dfa5a309855316dc8cff8dd3dc6d3a8bcbb7bae570ecbcc3660746d",1.6841705803946578,1.7687386090964734,10.913906001030485,10.928002211004065,10.913906001030485,0.6298512715622222,0.6298512715622222,false,true,false,270,8,false,"HISTORICAL_EM_RESPONSE_CURRENT_MAPPING_DIAGNOSTIC_NOT_FRESH"
71,"widthfix_000110__000110__shard_002__5467673de378b9df","b22de739f3e28dcd47d3bfecf6a65fce1dd18dbc6eb78f65c24abdae6e32edbb","49f529c4a090d422e19705fa8e722e8e39daae61dbb212d41ed3dc0e8bb65b9d","434ea125beae38c9397158480ea4b591b1f0c796b8a82159299979ad88bd58fc","6084de234d8c60ccc29a0d38c1a9f93da315ed5a96209476db3f5c2fb699ea86",1.815555135187513,2.10702808944402,14.170510071976897,11.780267185635322,11.780267185635322,0.3349871080872947,0.3349871080872947,false,false,false,270,2,false,"HISTORICAL_EM_RESPONSE_CURRENT_MAPPING_DIAGNOSTIC_NOT_FRESH"
72,"widthfix_000111__000111__shard_002__54754295fbf96091","95ddd651e6f512bfd1dd0402054a09a89b17bfe3ce303a9ddbd6329f5b7dbbbf","950e23adc31f873d039116b3a13362f8244e663dc2691b87380ea36430b28e66","dfc2b7b35dee7ba4fef43474cdbf0ddb761195839813b179c1d0f5684bfc9653","cdc74431069bd0a49054a7f53dd07a5339c42eb4c31bb8ed1c3e455f3b9084cb",2.2135187205483637,2.2778956715405108,10.098362548883316,9.708893821025308,9.708893821025308,0.6728841882621259,0.6728841882621259,false,false,false,282,6,false,"HISTORICAL_EM_RESPONSE_CURRENT_MAPPING_DIAGNOSTIC_NOT_FRESH"
73,"widthfix_000112__000112__shard_002__57abb6285d29ebab","6c8547e61470327a79c6e94bd82e339325116b24cdf6fc911cb4680a5d5da93c","694a138557f2c845f5892b1f426285cf2398e6da5486beeb165cecc88a02cfdf","8fe49e04eb3bf97a4cbda0411e4f04c78bdf17c385e0b1b51228c607e4a2175f","9ab40b89d0daa28f24720dbbf1f53d9af531ba16238ac020f6f20b13d74b4954",2.2319831855211816,2.1007597846038815,10.21458912321127,10.254222968654158,10.21458912321127,0.469138145585581,0.469138145585581,false,false,false,282,4,false,"HISTORICAL_EM_RESPONSE_CURRENT_MAPPING_DIAGNOSTIC_NOT_FRESH"
74,"widthfix_000113__000113__shard_002__57e6158e5b572617","4fae15401adfa85646f7025a0974325423cc02906a6ca556acb9b2a98bbb1c13","fd7a557a320caf6c1196a8b7b01291fc51cdd9822a9a847f85ac2236a93baed6","9d8fb95cf6d77fabf4476ab46c3763bb86a8141d9e25db771f2828eee8d52a8a","092cbbcdfb9fb34866b4ddae32a4e16c939bd04e632f09b6595fc79a05c6d650",2.271112257173266,1.7151714008149823,10.431831663088486,11.983619850095891,10.431831663088486,0.46417943831004127,0.46417943831004127,false,false,false,282,0,false,"HISTORICAL_EM_RESPONSE_CURRENT_MAPPING_DIAGNOSTIC_NOT_FRESH"
75,"widthfix_000114__000114__shard_002__593d402113ad48a6","b39482107b4c7dda505c0c284c0a988d24982be5e3b25249b039f6067b0c2217","cf29c02fcf1eeb971d52c3a25b72bc8f6fd9015b1ebf85b921da839400fe2e74","dfc2b7b35dee7ba4fef43474cdbf0ddb761195839813b179c1d0f5684bfc9653","47a625bea96a6dee0f19d0ea33efe2c962f90b46abdf59fbc38aa91c6bd8301f",2.127197448941883,1.8914153188333258,9.780904643552827,9.6054383280783,9.6054383280783,0.536236963538431,0.536236963538431,false,false,false,280,0,false,"HISTORICAL_EM_RESPONSE_CURRENT_MAPPING_DIAGNOSTIC_NOT_FRESH"
76,"widthfix_000115__000115__shard_002__67042579e265bb9e","0abdc26a574eba3007327739a5de4459c8c828eade971f1ecf9934a9b6f2dde2","2b37d8283be06bfde2a1b3b2938fce232f815c280d6dc2cf7423338cf02cf92c","be4d6386395cc6f01382a8479721329aa6666c1003268116d72cd1bff1d5393c","43de81cc6c159ae334ac882fb84c6786e0c62bcb15a2d15dacbb1a54188a0ac9",2.0820376951358606,1.6328051421039416,12.02041238640043,14.348804785444285,12.02041238640043,0.383295354725803,0.383295354725803,false,false,false,282,6,false,"HISTORICAL_EM_RESPONSE_CURRENT_MAPPING_DIAGNOSTIC_NOT_FRESH"
77,"widthfix_000116__000116__shard_002__6b33693ae1d246f8","c2b1a90574b9e35f4612c38df1f8cd8069396a22eba58db2ad3d2ee3ce476d03","880fa28d79c5ce3618dfd7920dfd60cac0c5fafc0d2fd2fdd3dfd17732261d08","be4d6386395cc6f01382a8479721329aa6666c1003268116d72cd1bff1d5393c","15567293de86d9a00d707ba4eeafa0e0cd0e835dbd4ffb460e61bae180e7a1ea",2.021770757055593,2.358697041272735,9.043248718847138,7.480283542424301,7.480283542424301,0.6484819620166187,0.6484819620166187,false,false,false,282,2,false,"HISTORICAL_EM_RESPONSE_CURRENT_MAPPING_DIAGNOSTIC_NOT_FRESH"
78,"widthfix_000117__000117__shard_002__756e88a52a0512d1","aeec727a8c83d7829a3d9962a70aad8563cfb28bb372ec2130052a5d856b2ba3","509942ba158f02de8bd3746d5c5692e90871392fec29da554ead634a0df0c767","dfc2b7b35dee7ba4fef43474cdbf0ddb761195839813b179c1d0f5684bfc9653","02ebf133333cbc4a0d4c9c3337c4f879fd1669f85d47cf55c83fc3ff355ac8a8",1.9251456962921984,2.2368749870345495,12.359453777423264,9.194000931351336,9.194000931351336,0.43733499328896613,0.43733499328896613,false,false,false,278,12,false,"HISTORICAL_EM_RESPONSE_CURRENT_MAPPING_DIAGNOSTIC_NOT_FRESH"
79,"widthfix_000118__000118__shard_002__76dd9e4361a08391","819a8026d8371e47dccf5a2c8e5ebbf58bfa76426c229c48272777b203217c65","8107d1b424a06ffc5a20afcaf9a03b958507f1bedb9c48c7775838a70f9085fe","9d8fb95cf6d77fabf4476ab46c3763bb86a8141d9e25db771f2828eee8d52a8a","83f252eccec2b67d55de9c6d6921a5a7e2234ba42a6e45e2feb0a80020e859ae",2.4164570891934645,2.3800430761475146,7.562321360583798,6.812563195078411,6.812563195078411,0.7000274472889811,0.7000274472889811,false,false,false,282,4,false,"HISTORICAL_EM_RESPONSE_CURRENT_MAPPING_DIAGNOSTIC_NOT_FRESH"
80,"widthfix_000119__000119__shard_002__79b951f3c81d7567","2205a29fcafab718363e47563535d205d378d67a82c2652cd6db784c5a511a3d","f92104d63911f7fbe4c1de8e6247f68401d3393a6ea0110c9ffeadff9e60b18f","434ea125beae38c9397158480ea4b591b1f0c796b8a82159299979ad88bd58fc","ecd2c1923f1c4fba6c518bb4db7bbcd66366a48f4d4dd358cfcc4a6b69d479b3",2.653250120428036,2.336414712450678,7.029407677713272,7.123300718987326,7.029407677713272,0.7546137541745375,0.7546137541745375,false,false,false,272,4,false,"HISTORICAL_EM_RESPONSE_CURRENT_MAPPING_DIAGNOSTIC_NOT_FRESH"
81,"widthfix_000120__000120__shard_002__7ba72bdc42cdc082","b007d8d988c8127aa65c61b7a8fc4ba40705a96896da6ae517b0984bb2af7f33","6078beb5edb00a594e1618cdd1db59615903fd4edc5d30f637ad37622199fc8f","9d8fb95cf6d77fabf4476ab46c3763bb86a8141d9e25db771f2828eee8d52a8a","16b415fe0d28fe272fc05017c9ec380c0a5aa6a2b9df8287ca2e34706ca648aa",2.2121856216025657,1.807079613929066,11.380859947406313,13.81290253954067,11.380859947406313,0.46197583914613816,0.46197583914613816,false,false,false,234,4,false,"HISTORICAL_EM_RESPONSE_CURRENT_MAPPING_DIAGNOSTIC_NOT_FRESH"
82,"widthfix_000122__000122__shard_002__7feabf19982f2a87","b53dfee9b816a0e251b144f02ca0d289a5e076d291608077b0343fc6245e7bbe","5f44326f0a43cf50eea7abdfebdabf95e135c3d13019b10073656f54ca1208ae","8fe49e04eb3bf97a4cbda0411e4f04c78bdf17c385e0b1b51228c607e4a2175f","02bc3d738b051158a5d6bed450c00f6f901b72d9ee59220be5aa31a22c3580be",2.2047609551901584,2.6645085612555,8.378882410074697,7.618115641933416,7.618115641933416,0.6610114758207808,0.6610114758207808,false,false,false,282,4,false,"HISTORICAL_EM_RESPONSE_CURRENT_MAPPING_DIAGNOSTIC_NOT_FRESH"
83,"widthfix_000123__000123__shard_002__80f0e57767d3bcf6","b9692efce302a7c5e1c5aefe7ad5f120ac298c8cb0964725ab4bdddecc4b73b7","816553dbe818d28f29d56b7aa5e5686a5146a7f760bff0fc548bb22cf9a77347","dfc2b7b35dee7ba4fef43474cdbf0ddb761195839813b179c1d0f5684bfc9653","e3244771f188ee0309e1f89d71bc33f98402f91fb37f4abb0629939e836c230e",2.201262467653449,2.558462238129645,7.566499903926689,6.152796495571419,6.152796495571419,0.6669183368378349,0.6669183368378349,false,false,false,282,4,false,"HISTORICAL_EM_RESPONSE_CURRENT_MAPPING_DIAGNOSTIC_NOT_FRESH"
84,"widthfix_000124__000124__shard_002__813abb7304ff9fab","f8b134eeabce86aabca1e7e80b8102d02a08d4a59dd26eb261232aae3478023a","a3942c161a82580ea8f234debf85ffb1d01e7cc724a37640a819836146e4bf19","434ea125beae38c9397158480ea4b591b1f0c796b8a82159299979ad88bd58fc","201f5c9221e052471406faa0f5fd3242b9bce09d3eeaa60da91f74eb9a80171a",2.1404221328611697,1.882506737882164,11.06678799750724,12.106407158481083,11.06678799750724,0.3703485053762508,0.3703485053762508,false,false,false,262,4,false,"HISTORICAL_EM_RESPONSE_CURRENT_MAPPING_DIAGNOSTIC_NOT_FRESH"
85,"widthfix_000125__000125__shard_002__841cab166cec11da","8f0e3a66b151da8f192e08dd096559bca456d675d65e7c1d2d312804eb425503","67129b9af681a7e59d50be3fe719b91fb68a85723585f9fc16219205ca5d86a9","434ea125beae38c9397158480ea4b591b1f0c796b8a82159299979ad88bd58fc","3466bd4455c184a05bb9f392634b0bbdb740525ee454cfb45c1f6e3ab1cdf3e3",2.0251994667816953,1.5628889605642122,12.099509894588135,14.525287131693714,12.099509894588135,0.4677974311908711,0.4677974311908711,false,false,false,282,12,false,"HISTORICAL_EM_RESPONSE_CURRENT_MAPPING_DIAGNOSTIC_NOT_FRESH"
86,"widthfix_000126__000126__shard_002__87dfcb07ad22d249","0902c662dc8e043399ce83ab0de2afab40c86b39252c8c29fd1fcc2f67541573","0c7d20663085d9e4568469e0bcab74bc8ae4bb9c6d7f9bda3d92c5ee2d17c3a8","dfc2b7b35dee7ba4fef43474cdbf0ddb761195839813b179c1d0f5684bfc9653","097dd5e23488c3f1f2e94c8b002d5c75b69c4f9b3d7041a934fa0038485d3768",1.854133514192891,1.7125531191154926,11.443140711848294,10.940571364657506,10.940571364657506,0.47562644017855665,0.47562644017855665,false,true,false,280,12,false,"HISTORICAL_EM_RESPONSE_CURRENT_MAPPING_DIAGNOSTIC_NOT_FRESH"
87,"widthfix_000127__000127__shard_002__8db8a87125b1252e","b13da6de73fdd22d24f48eb7ae6a79fe3b76a0afad40d05ffeecf11c44a6c1ea","a89c04197168fa1a66514d5c589bfae8ad24b2eacdb486ae0b8f8a63630dd024","434ea125beae38c9397158480ea4b591b1f0c796b8a82159299979ad88bd58fc","82cf7b268670c19ee14edf46f517f539e97c3b0bebffa739f3edf2104694e6d9",1.5378540850286724,2.066789659752074,13.160056494148861,10.054894563884641,10.054894563884641,0.44805264223419766,0.44805264223419766,false,false,false,264,10,false,"HISTORICAL_EM_RESPONSE_CURRENT_MAPPING_DIAGNOSTIC_NOT_FRESH"
88,"widthfix_000128__000128__shard_002__8fb3072af0531111","643f65314210a749a674fe32a002d0eaeb19b708137bd1d2683b01ddd0d5d2d7","aa5faee94004c1eef1449c0518c61d30a4e0c8e2aeb86718e46b985351cb7eee","434ea125beae38c9397158480ea4b591b1f0c796b8a82159299979ad88bd58fc","a00ed943d4cb8d6b9b703a5a593a222b8c840e8f4af9cdbe86cd9419862ea9fd",1.5803210524815776,1.8871083840896772,13.73107965575429,11.443810704171733,11.443810704171733,0.5121841510497689,0.5121841510497689,false,true,false,278,6,false,"HISTORICAL_EM_RESPONSE_CURRENT_MAPPING_DIAGNOSTIC_NOT_FRESH"
89,"widthfix_000129__000129__shard_002__9295f970ff823ae5","56852b41204da8a611fdbf84d863bba8cc2ec86b3ad5df0f3a52ddb2f0c1275d","429313037d4c3a96f642f0cb9c0bcefd286020b887226154ee5eaeef017d1483","9d8fb95cf6d77fabf4476ab46c3763bb86a8141d9e25db771f2828eee8d52a8a","53d8762f8b49f8997c1eb3923bcd21072a8646d78cc47a2a7157c812c06a937a",2.482550175161549,2.0334058152972228,7.392417262650171,7.611668361433477,7.392417262650171,0.6656715320088932,0.6656715320088932,false,false,false,276,4,false,"HISTORICAL_EM_RESPONSE_CURRENT_MAPPING_DIAGNOSTIC_NOT_FRESH"
90,"widthfix_000130__000130__shard_002__99c105f5ec645973","f27a8fb479dc29f0417e70183408d8efdd61d286debedc9ae5f7b4f3f29584ed","ae5981dbe23bd1399e99e37d4696f7651bf89cd2e32d59ba78d14ab080b90351","be4d6386395cc6f01382a8479721329aa6666c1003268116d72cd1bff1d5393c","ad32a1aa9352b611cbad9689eba539823f13f0587bea487babf881cd7e14473f",2.2764012457251925,2.310317877273156,9.85318752037766,8.271453299516152,8.271453299516152,0.43352306674529145,0.43352306674529145,false,false,false,274,10,false,"HISTORICAL_EM_RESPONSE_CURRENT_MAPPING_DIAGNOSTIC_NOT_FRESH"
91,"widthfix_000131__000131__shard_002__9ad47115cdc3305d","6a18f57da355baee9f34e3244cf445750329942650f3b8605b47348c05f7592f","fda02f9bb40eaeef51bd91a50bc09467782266ee854a9b50e92c00079dc89c4a","be4d6386395cc6f01382a8479721329aa6666c1003268116d72cd1bff1d5393c","8dcefbff65af372add2ff0254ccc636500e887546beeb9097faee3503e5a7a33",1.658941186102673,1.240099671460133,13.770741795080422,17.31207172820878,13.770741795080422,0.3677773916821804,0.3677773916821804,false,true,false,280,8,false,"HISTORICAL_EM_RESPONSE_CURRENT_MAPPING_DIAGNOSTIC_NOT_FRESH"
92,"widthfix_000132__000132__shard_002__b1bff93233332714","b197a0a4118ff490dd1807ec15d7855a9e28908c5d8d27a22c70283bfc03b3c1","74f102536f3f4eae471be95748a8dc3637a564fa20ed7fc114f17dd996923a10","9d8fb95cf6d77fabf4476ab46c3763bb86a8141d9e25db771f2828eee8d52a8a","17757435d9f26b1d806d723355b0bf3aeb441a1dc4e432d181856fdfa03397ba",1.844852280794409,2.0645203002438786,11.452504260666085,9.083133999083834,9.083133999083834,0.45411120204151784,0.45411120204151784,false,false,false,280,8,false,"HISTORICAL_EM_RESPONSE_CURRENT_MAPPING_DIAGNOSTIC_NOT_FRESH"
93,"widthfix_000133__000133__shard_002__b1de419f1562c5df","7d968819fc709b65e5d197b04e883f5432f35f5495fe7e281829ac11d5e35b88","2c121a159485088b76daeda06c73ebd8c1a42d7e79d7ccef6a2c13c79deb854b","8fe49e04eb3bf97a4cbda0411e4f04c78bdf17c385e0b1b51228c607e4a2175f","4596ed570e544ef4c8e5078cd7440221833510bbd760837ff6568666dba9dcf5",1.7992533443575833,2.071377649000291,12.752277332200206,10.716268616312695,10.716268616312695,0.48182571848377026,0.48182571848377026,false,false,false,282,8,false,"HISTORICAL_EM_RESPONSE_CURRENT_MAPPING_DIAGNOSTIC_NOT_FRESH"
94,"widthfix_000134__000134__shard_002__b4e7d3d8e4f43d13","d855f30887e4bcc3f20d9902cd31833f45d0934003781b48ce221f86a9837fc6","cda47fff4b6d59237a6577ee0a80d29e9e44b8b5e26598dfb3fac1fb5859e6e2","dfc2b7b35dee7ba4fef43474cdbf0ddb761195839813b179c1d0f5684bfc9653","8cd0c0f96a3cf60418ffece6857d1c0cc8555db5758413d86b5ca5bbbae06084",1.9806618956995334,1.8176457454775594,11.009546628000265,11.07663571184199,11.009546628000265,0.5541897911724868,0.5541897911724868,false,true,false,278,8,false,"HISTORICAL_EM_RESPONSE_CURRENT_MAPPING_DIAGNOSTIC_NOT_FRESH"
95,"widthfix_000135__000135__shard_002__b83e586a4a034c28","886df2585a26f8791e22612743816f1d4c82e7a06b296f45eba4ba08fb5de4c8","867be71e82a6f4ebc6e8085ecb836a0a1b34710785230bc62ba08c3ee15d81f4","8fe49e04eb3bf97a4cbda0411e4f04c78bdf17c385e0b1b51228c607e4a2175f","d7a6ab522f3c4e8ed99d22585f89d182b8026afd486d33add9a4671753490169",2.4485551144502646,1.950650149125373,9.617045021224168,10.955099287092187,9.617045021224168,0.593413016477656,0.593413016477656,false,false,false,282,8,false,"HISTORICAL_EM_RESPONSE_CURRENT_MAPPING_DIAGNOSTIC_NOT_FRESH"
96,"widthfix_000136__000136__shard_002__bdbd7ae40e8dd515","feb1f9db743bc6a121e199ff9d15faa18a3b15da083eefa6ed2a081321ec9456","6ec35a6fb35a063292b0b80d21a5bb8f020cdb3df3c25860f32643dafed83a54","434ea125beae38c9397158480ea4b591b1f0c796b8a82159299979ad88bd58fc","987f27e06a529a04cfc71ede2d750eff132cad278ddd7352003bcd854238187e",2.273593798208621,2.4139833959291837,8.434847989967553,7.755993338969774,7.755993338969774,0.6594681245208793,0.6594681245208793,false,false,false,276,0,false,"HISTORICAL_EM_RESPONSE_CURRENT_MAPPING_DIAGNOSTIC_NOT_FRESH"
97,"widthfix_000137__000137__shard_002__c39046acf2700e16","22a010d333a959e6fe933e8d64978bb1f1ef68e20b0eabcec381064025699f33","84cd80232c0218d38382f2e849b3ade9463f4d20d1abead90c31c1cc279b379c","9d8fb95cf6d77fabf4476ab46c3763bb86a8141d9e25db771f2828eee8d52a8a","75723080763f0c31f79c42cc0685b0521b4734cc52dbdec4499ce65e43fbb84b",1.9715234165587614,2.1079114732904825,10.289447531185823,8.730735788318244,8.730735788318244,0.5154844510997558,0.5154844510997558,false,false,false,282,6,false,"HISTORICAL_EM_RESPONSE_CURRENT_MAPPING_DIAGNOSTIC_NOT_FRESH"
98,"widthfix_000138__000138__shard_002__d394d1f9845a4890","4e1ff20b2c4b4564183479697efb2d2e744bd30f31189cc9824e32c679110494","ee185b0a238bcadcdaefebf1b0abedb508709f5ffe244de35b31df909cfd3b20","434ea125beae38c9397158480ea4b591b1f0c796b8a82159299979ad88bd58fc","992aa0e7239bdfd5f65a8c2f84c74ff6ee9fa09cc493ce3fcbc2beb05362b4d3",1.7362534296688357,1.8835653274395951,12.468164984136555,10.072352114483815,10.072352114483815,0.4523123673715018,0.4523123673715018,false,true,false,282,6,false,"HISTORICAL_EM_RESPONSE_CURRENT_MAPPING_DIAGNOSTIC_NOT_FRESH"
99,"widthfix_000139__000139__shard_002__d42ddbd2e7447b46","0e776c7f94215d8dbf4d399411359ef68a0fa0ca41d559ed75ffea5738ce3558","488fc5488358050c6e293dc294238e756dddc19c6237419862e307604919a2ac","9d8fb95cf6d77fabf4476ab46c3763bb86a8141d9e25db771f2828eee8d52a8a","6185455d5c2961784218e25c6c943b3b598b73c8dcb80217636fa86ec28b9d5d",1.8024642939057478,1.9518521063101468,12.881215868390704,11.6952145594395,11.6952145594395,0.22329679234611516,0.22329679234611516,false,true,false,282,12,false,"HISTORICAL_EM_RESPONSE_CURRENT_MAPPING_DIAGNOSTIC_NOT_FRESH"
