request_id,frequency_ghz,model_id,dataset_scope,q_proxy,q_emx,candidate_id,stage,feature,unit,target,actual_emx,frozen_grid_proxy,emx_minus_target,emx_minus_frozen_proxy,target_absolute_relative_percent,proxy_absolute_relative_percent,strict_valid,strict_joint_hit,evidence_role
f11_qscan-HELDOUT_TRIPLE_AUDIT-000002,11,f11-07165966aa39,FORMAL_10K,12,,f11_qscan-HELDOUT_TRIPLE_AUDIT-000002-q12,SOLVED_STRICT_VALID,Lp_nH,nH,1.7183824406873227,1.7228490966344157,1.7149702310562134,0.004466655947092946,0.007878865578202277,0.25993375172679034,0.4594170461693584,True,True,STRICT_VALID_FINITE_PRESELECTED_EXAMPLE
f11_qscan-HELDOUT_TRIPLE_AUDIT-000002,11,f11-07165966aa39,FORMAL_10K,12,,f11_qscan-HELDOUT_TRIPLE_AUDIT-000002-q12,SOLVED_STRICT_VALID,Ls_nH,nH,1.3706184825937602,1.3543329123007035,1.3717120885849,-0.01628557029305666,-0.017379176284196385,1.1881913530188084,1.266969681817507,True,True,STRICT_VALID_FINITE_PRESELECTED_EXAMPLE
f11_qscan-HELDOUT_TRIPLE_AUDIT-000002,11,f11-07165966aa39,FORMAL_10K,12,,f11_qscan-HELDOUT_TRIPLE_AUDIT-000002-q12,SOLVED_STRICT_VALID,Qmin,dimensionless,12.0,12.063765980084264,11.98874282836914,0.06376598008426448,0.07502315171512386,0.5313831673688707,0.625779973673265,True,True,STRICT_VALID_FINITE_PRESELECTED_EXAMPLE
f11_qscan-HELDOUT_TRIPLE_AUDIT-000002,11,f11-07165966aa39,FORMAL_10K,12,,f11_qscan-HELDOUT_TRIPLE_AUDIT-000002-q12,SOLVED_STRICT_VALID,K_abs,dimensionless,0.28364731287748374,0.2774375180494312,0.2851036787033081,-0.006209794828052562,-0.00766616065387693,2.189266228210231,2.6889027489030357,True,True,STRICT_VALID_FINITE_PRESELECTED_EXAMPLE
f12_qscan-HELDOUT_TRIPLE_AUDIT-000002,12,f12-bbbcad303b3e,FORMAL_10K,14,,f12_qscan-HELDOUT_TRIPLE_AUDIT-000002-q14,SOLVED_STRICT_VALID,Lp_nH,nH,1.168439473877708,1.1695865621593744,1.16660737991333,0.0011470882816664307,0.0029791822460443207,0.09817267452113554,0.25537145549907725,True,True,STRICT_VALID_FINITE_PRESELECTED_EXAMPLE
f12_qscan-HELDOUT_TRIPLE_AUDIT-000002,12,f12-bbbcad303b3e,FORMAL_10K,14,,f12_qscan-HELDOUT_TRIPLE_AUDIT-000002-q14,SOLVED_STRICT_VALID,Ls_nH,nH,0.9258538476328951,0.9293814900844569,0.9285095930099487,0.0035276424515617855,0.0008718970745081878,0.38101504471583836,0.09390286121673334,True,True,STRICT_VALID_FINITE_PRESELECTED_EXAMPLE
f12_qscan-HELDOUT_TRIPLE_AUDIT-000002,12,f12-bbbcad303b3e,FORMAL_10K,14,,f12_qscan-HELDOUT_TRIPLE_AUDIT-000002-q14,SOLVED_STRICT_VALID,Qmin,dimensionless,14.0,13.832917298372863,14.000763893127441,-0.16708270162713745,-0.16784659475457886,1.1934478687652674,1.1988388350507773,True,True,STRICT_VALID_FINITE_PRESELECTED_EXAMPLE
f12_qscan-HELDOUT_TRIPLE_AUDIT-000002,12,f12-bbbcad303b3e,FORMAL_10K,14,,f12_qscan-HELDOUT_TRIPLE_AUDIT-000002-q14,SOLVED_STRICT_VALID,K_abs,dimensionless,0.2689391116866964,0.27273715976682067,0.26997441053390503,0.0037980480801242944,0.00276274923291564,1.4122334443302813,1.023337444260732,True,True,STRICT_VALID_FINITE_PRESELECTED_EXAMPLE
f13_qscan-HELDOUT_TRIPLE_AUDIT-000002,13,f13-940260e5c34c,FORMAL_10K,16,,f13_qscan-HELDOUT_TRIPLE_AUDIT-000002-q16,SOLVED_STRICT_VALID,Lp_nH,nH,1.0214018590418832,1.0247998176256803,1.0190556049346924,0.0033979585837971005,0.005744212690987904,0.3326759740759161,0.563680005602445,True,True,STRICT_VALID_FINITE_PRESELECTED_EXAMPLE
f13_qscan-HELDOUT_TRIPLE_AUDIT-000002,13,f13-940260e5c34c,FORMAL_10K,16,,f13_qscan-HELDOUT_TRIPLE_AUDIT-000002-q16,SOLVED_STRICT_VALID,Ls_nH,nH,1.0832301707233192,1.0885911116281506,1.0834715366363525,0.005360940904831413,0.005119574991798048,0.4949032116832273,0.4725158731619122,True,True,STRICT_VALID_FINITE_PRESELECTED_EXAMPLE
f13_qscan-HELDOUT_TRIPLE_AUDIT-000002,13,f13-940260e5c34c,FORMAL_10K,16,,f13_qscan-HELDOUT_TRIPLE_AUDIT-000002-q16,SOLVED_STRICT_VALID,Qmin,dimensionless,16.0,16.110426029694693,16.010351181030273,0.11042602969469328,0.10007484866441985,0.690162685591833,0.6250634201140614,True,True,STRICT_VALID_FINITE_PRESELECTED_EXAMPLE
f13_qscan-HELDOUT_TRIPLE_AUDIT-000002,13,f13-940260e5c34c,FORMAL_10K,16,,f13_qscan-HELDOUT_TRIPLE_AUDIT-000002-q16,SOLVED_STRICT_VALID,K_abs,dimensionless,0.2251778833443476,0.23026083785744403,0.22472849488258362,0.005082954513096427,0.00553234297486041,2.257306284970912,2.4617897155191444,True,True,STRICT_VALID_FINITE_PRESELECTED_EXAMPLE
f14_qscan-HELDOUT_TRIPLE_AUDIT-000002,14,f14-734ef171b954,FORMAL_10K,12,,f14_qscan-HELDOUT_TRIPLE_AUDIT-000002-q12,SOLVED_STRICT_VALID,Lp_nH,nH,1.482707458040073,1.4906033585025873,1.4884464740753174,0.007895900462514316,0.0021568844272699117,0.5325325922991961,0.14490843069179593,True,True,STRICT_VALID_FINITE_PRESELECTED_EXAMPLE
f14_qscan-HELDOUT_TRIPLE_AUDIT-000002,14,f14-734ef171b954,FORMAL_10K,12,,f14_qscan-HELDOUT_TRIPLE_AUDIT-000002-q12,SOLVED_STRICT_VALID,Ls_nH,nH,1.939677117917912,1.9556701900460411,1.938866138458252,0.01599307212812917,0.016804051587789193,0.8245223898550936,0.8666947786891283,True,True,STRICT_VALID_FINITE_PRESELECTED_EXAMPLE
f14_qscan-HELDOUT_TRIPLE_AUDIT-000002,14,f14-734ef171b954,FORMAL_10K,12,,f14_qscan-HELDOUT_TRIPLE_AUDIT-000002-q12,SOLVED_STRICT_VALID,Qmin,dimensionless,12.0,11.989490633912569,11.954018592834473,-0.01050936608743136,0.035472041078095984,0.08757805072859466,0.29673737582572257,True,True,STRICT_VALID_FINITE_PRESELECTED_EXAMPLE
f14_qscan-HELDOUT_TRIPLE_AUDIT-000002,14,f14-734ef171b954,FORMAL_10K,12,,f14_qscan-HELDOUT_TRIPLE_AUDIT-000002-q12,SOLVED_STRICT_VALID,K_abs,dimensionless,0.14784715299069887,0.14820215949791865,0.1481332629919052,0.000355006507219785,6.889650601343833e-05,0.24011724273251214,0.046509814623609015,True,True,STRICT_VALID_FINITE_PRESELECTED_EXAMPLE
f16_qscan-HELDOUT_TRIPLE_AUDIT-000002,16,f16-d1f0e127f1c7,FORMAL_10K,11,,f16_qscan-HELDOUT_TRIPLE_AUDIT-000002-q11,SOLVED_STRICT_VALID,Lp_nH,nH,1.9051079025124165,1.911352286243071,1.9066622257232666,0.006244383730654501,0.004690060519804362,0.3277706067157424,0.2459827680293635,True,True,STRICT_VALID_FINITE_PRESELECTED_EXAMPLE
f16_qscan-HELDOUT_TRIPLE_AUDIT-000002,16,f16-d1f0e127f1c7,FORMAL_10K,11,,f16_qscan-HELDOUT_TRIPLE_AUDIT-000002-q11,SOLVED_STRICT_VALID,Ls_nH,nH,1.0259520730395253,1.0220825311088078,1.0250864028930664,-0.003869541930717535,-0.0030038717842586493,0.37716595466818253,0.2930359602645128,True,True,STRICT_VALID_FINITE_PRESELECTED_EXAMPLE
f16_qscan-HELDOUT_TRIPLE_AUDIT-000002,16,f16-d1f0e127f1c7,FORMAL_10K,11,,f16_qscan-HELDOUT_TRIPLE_AUDIT-000002-q11,SOLVED_STRICT_VALID,Qmin,dimensionless,11.0,10.97466372377555,10.999724388122559,-0.02533627622445067,-0.025060664347009265,0.23032978385864247,0.2278299297577822,True,True,STRICT_VALID_FINITE_PRESELECTED_EXAMPLE
f16_qscan-HELDOUT_TRIPLE_AUDIT-000002,16,f16-d1f0e127f1c7,FORMAL_10K,11,,f16_qscan-HELDOUT_TRIPLE_AUDIT-000002-q11,SOLVED_STRICT_VALID,K_abs,dimensionless,0.19890798893784203,0.19761986810037963,0.19969089329242706,-0.0012881208374624087,-0.0020710251920474376,0.6475963305148801,1.037115492800481,True,True,STRICT_VALID_FINITE_PRESELECTED_EXAMPLE
f17_qscan-HELDOUT_TRIPLE_AUDIT-000002,17,f17-7b878ff5d5dc,FORMAL_10K,15,,f17_qscan-HELDOUT_TRIPLE_AUDIT-000002-q15,SOLVED_STRICT_VALID,Lp_nH,nH,1.2184273620052546,1.239109993989436,1.2284963130950928,0.02068263198418152,0.010613680894343336,1.6974858435666291,0.8639570816132986,True,True,STRICT_VALID_FINITE_PRESELECTED_EXAMPLE
f17_qscan-HELDOUT_TRIPLE_AUDIT-000002,17,f17-7b878ff5d5dc,FORMAL_10K,15,,f17_qscan-HELDOUT_TRIPLE_AUDIT-000002-q15,SOLVED_STRICT_VALID,Ls_nH,nH,1.2053699519545813,1.2276092941564387,1.2117067575454712,0.022239342201857415,0.01590253661096752,1.8450221167198466,1.312408015548329,True,True,STRICT_VALID_FINITE_PRESELECTED_EXAMPLE
f17_qscan-HELDOUT_TRIPLE_AUDIT-000002,17,f17-7b878ff5d5dc,FORMAL_10K,15,,f17_qscan-HELDOUT_TRIPLE_AUDIT-000002-q15,SOLVED_STRICT_VALID,Qmin,dimensionless,15.0,14.811838043786334,15.0031099319458,-0.1881619562136656,-0.19127188815946639,1.2544130414244374,1.2748816013951565,True,True,STRICT_VALID_FINITE_PRESELECTED_EXAMPLE
f17_qscan-HELDOUT_TRIPLE_AUDIT-000002,17,f17-7b878ff5d5dc,FORMAL_10K,15,,f17_qscan-HELDOUT_TRIPLE_AUDIT-000002-q15,SOLVED_STRICT_VALID,K_abs,dimensionless,0.3014172187681179,0.3165918773181559,0.3009812831878662,0.015174658550038023,0.015610594130289701,5.034436523585596,5.186566408697877,True,True,STRICT_VALID_FINITE_PRESELECTED_EXAMPLE
f18_qscan-HELDOUT_TRIPLE_AUDIT-000002,18,f18-1a136fda6a2a,FORMAL_10K,15,,f18_qscan-HELDOUT_TRIPLE_AUDIT-000002-q15,SOLVED_STRICT_VALID,Lp_nH,nH,0.8745036940208188,0.8602563963766312,0.86977219581604,-0.01424729764418764,-0.009515799439408834,1.629186673721296,1.094056522522072,True,True,STRICT_VALID_FINITE_PRESELECTED_EXAMPLE
f18_qscan-HELDOUT_TRIPLE_AUDIT-000002,18,f18-1a136fda6a2a,FORMAL_10K,15,,f18_qscan-HELDOUT_TRIPLE_AUDIT-000002-q15,SOLVED_STRICT_VALID,Ls_nH,nH,0.9123935015122485,0.9188751401934382,0.9065224528312683,0.006481638681189672,0.012352687362169879,0.7103994790018414,1.3626454947243423,True,True,STRICT_VALID_FINITE_PRESELECTED_EXAMPLE
f18_qscan-HELDOUT_TRIPLE_AUDIT-000002,18,f18-1a136fda6a2a,FORMAL_10K,15,,f18_qscan-HELDOUT_TRIPLE_AUDIT-000002-q15,SOLVED_STRICT_VALID,Qmin,dimensionless,15.0,14.632920876938373,14.964105606079102,-0.36707912306162704,-0.3311847291407286,2.44719415374418,2.213194278755867,True,True,STRICT_VALID_FINITE_PRESELECTED_EXAMPLE
f18_qscan-HELDOUT_TRIPLE_AUDIT-000002,18,f18-1a136fda6a2a,FORMAL_10K,15,,f18_qscan-HELDOUT_TRIPLE_AUDIT-000002-q15,SOLVED_STRICT_VALID,K_abs,dimensionless,0.3735317514924723,0.39863743768845467,0.37644025683403015,0.025105686195982357,0.022197180854424514,6.721165227767339,5.896601240555177,True,True,STRICT_VALID_FINITE_PRESELECTED_EXAMPLE
f19_qscan-HELDOUT_TRIPLE_AUDIT-000002,19,f19-e02801471b97,FORMAL_10K,15,,f19_qscan-HELDOUT_TRIPLE_AUDIT-000002-q15,SOLVED_STRICT_VALID,Lp_nH,nH,1.191201775464349,1.1883312615284347,1.1887482404708862,-0.0028705139359141985,-0.000416978942451518,0.24097629763817532,0.03507714487016566,True,True,STRICT_VALID_FINITE_PRESELECTED_EXAMPLE
f19_qscan-HELDOUT_TRIPLE_AUDIT-000002,19,f19-e02801471b97,FORMAL_10K,15,,f19_qscan-HELDOUT_TRIPLE_AUDIT-000002-q15,SOLVED_STRICT_VALID,Ls_nH,nH,1.009590336089523,1.0136381677388013,1.0099279880523682,0.004047831649278244,0.003710179686433168,0.40093803442660053,0.36737071655853376,True,True,STRICT_VALID_FINITE_PRESELECTED_EXAMPLE
f19_qscan-HELDOUT_TRIPLE_AUDIT-000002,19,f19-e02801471b97,FORMAL_10K,15,,f19_qscan-HELDOUT_TRIPLE_AUDIT-000002-q15,SOLVED_STRICT_VALID,Qmin,dimensionless,15.0,15.006990074169027,14.949715614318848,0.006990074169026528,0.05727445985017887,0.046600494460176854,0.38311404261978976,True,True,STRICT_VALID_FINITE_PRESELECTED_EXAMPLE
f19_qscan-HELDOUT_TRIPLE_AUDIT-000002,19,f19-e02801471b97,FORMAL_10K,15,,f19_qscan-HELDOUT_TRIPLE_AUDIT-000002-q15,SOLVED_STRICT_VALID,K_abs,dimensionless,0.20869478753980372,0.2335503319990716,0.21095959842205048,0.02485554445926788,0.022590733577021127,11.909997730310948,10.708559243569283,True,True,STRICT_VALID_FINITE_PRESELECTED_EXAMPLE
qscan15_development5k_20260908_v1-HELDOUT_TRIPLE_AUDIT-000003,15,f15-5a9547401a37,DEVELOPMENT_5K_NOT_FORMAL_10K,12,,qscan15_development5k_20260908_v1-HELDOUT_TRIPLE_AUDIT-000003-q12,SOLVED_STRICT_VALID,Lp_nH,nH,0.6427901976919442,0.6402520668670019,0.6394681334495544,-0.002538130824942364,0.0007839334174474244,0.394861470205362,0.12259147507766567,True,True,STRICT_VALID_FINITE_PRESELECTED_EXAMPLE
qscan15_development5k_20260908_v1-HELDOUT_TRIPLE_AUDIT-000003,15,f15-5a9547401a37,DEVELOPMENT_5K_NOT_FORMAL_10K,12,,qscan15_development5k_20260908_v1-HELDOUT_TRIPLE_AUDIT-000003-q12,SOLVED_STRICT_VALID,Ls_nH,nH,1.3025811644653964,1.2940205201472206,1.3096883296966553,-0.008560644318175825,-0.015667809549434697,0.6572062111530127,1.1963006155108378,True,True,STRICT_VALID_FINITE_PRESELECTED_EXAMPLE
qscan15_development5k_20260908_v1-HELDOUT_TRIPLE_AUDIT-000003,15,f15-5a9547401a37,DEVELOPMENT_5K_NOT_FORMAL_10K,12,,qscan15_development5k_20260908_v1-HELDOUT_TRIPLE_AUDIT-000003-q12,SOLVED_STRICT_VALID,Qmin,dimensionless,12.0,12.15827858545932,12.004900932312012,0.1582785854593194,0.15337765314730767,1.3189882121609948,1.2776253132958493,True,True,STRICT_VALID_FINITE_PRESELECTED_EXAMPLE
qscan15_development5k_20260908_v1-HELDOUT_TRIPLE_AUDIT-000003,15,f15-5a9547401a37,DEVELOPMENT_5K_NOT_FORMAL_10K,12,,qscan15_development5k_20260908_v1-HELDOUT_TRIPLE_AUDIT-000003-q12,SOLVED_STRICT_VALID,K_abs,dimensionless,0.1309899216479128,0.1260670774157434,0.13060498237609863,-0.004922844232169377,-0.004537904960355221,3.758185492622453,3.4745266817521356,True,True,STRICT_VALID_FINITE_PRESELECTED_EXAMPLE
f05_qscan-HELDOUT_TRIPLE_AUDIT-000003,5,f5-fac1f3ff42e4,FORMAL_10K,11,,f05_qscan-HELDOUT_TRIPLE_AUDIT-000003-q11,GDS_FAIL,Lp_nH,nH,0.8567947299150731,,0.8541326522827148,,,,,,,FAILED_OR_STRICT_INVALID_PRESELECTED_RETAINED
f05_qscan-HELDOUT_TRIPLE_AUDIT-000003,5,f5-fac1f3ff42e4,FORMAL_10K,11,,f05_qscan-HELDOUT_TRIPLE_AUDIT-000003-q11,GDS_FAIL,Ls_nH,nH,1.4723690591238632,,1.475382685661316,,,,,,,FAILED_OR_STRICT_INVALID_PRESELECTED_RETAINED
f05_qscan-HELDOUT_TRIPLE_AUDIT-000003,5,f5-fac1f3ff42e4,FORMAL_10K,11,,f05_qscan-HELDOUT_TRIPLE_AUDIT-000003-q11,GDS_FAIL,Qmin,dimensionless,11.0,,11.01852035522461,,,,,,,FAILED_OR_STRICT_INVALID_PRESELECTED_RETAINED
f05_qscan-HELDOUT_TRIPLE_AUDIT-000003,5,f5-fac1f3ff42e4,FORMAL_10K,11,,f05_qscan-HELDOUT_TRIPLE_AUDIT-000003-q11,GDS_FAIL,K_abs,dimensionless,0.12369401049821528,,0.12425742298364639,,,,,,,FAILED_OR_STRICT_INVALID_PRESELECTED_RETAINED
f10_qscan-HELDOUT_TRIPLE_AUDIT-000003,10,f10-d26d41688df1,FORMAL_10K,12,11.0,f10_qscan-HELDOUT_TRIPLE_AUDIT-000003-q12,SOLVED_STRICT_VALID,Lp_nH,nH,1.6892190894232004,1.7048518191737452,1.6893483400344849,0.01563272975054475,0.015503479139260312,0.9254412200540956,0.9177194999903832,True,True,STRICT_VALID_FINITE_PRESELECTED_EXAMPLE
f10_qscan-HELDOUT_TRIPLE_AUDIT-000003,10,f10-d26d41688df1,FORMAL_10K,12,11.0,f10_qscan-HELDOUT_TRIPLE_AUDIT-000003-q12,SOLVED_STRICT_VALID,Ls_nH,nH,1.9814100723282477,1.9943357268811168,1.9812707901000977,0.012925654552869092,0.013064936781019165,0.6523462625624414,0.659422066196166,True,True,STRICT_VALID_FINITE_PRESELECTED_EXAMPLE
f10_qscan-HELDOUT_TRIPLE_AUDIT-000003,10,f10-d26d41688df1,FORMAL_10K,12,11.0,f10_qscan-HELDOUT_TRIPLE_AUDIT-000003-q12,SOLVED_STRICT_VALID,Qmin,dimensionless,12.0,12.060002162201764,12.09490966796875,0.06000216220176391,-0.03490750576698609,0.5000180183480326,0.28861319948037734,True,True,STRICT_VALID_FINITE_PRESELECTED_EXAMPLE
f10_qscan-HELDOUT_TRIPLE_AUDIT-000003,10,f10-d26d41688df1,FORMAL_10K,12,11.0,f10_qscan-HELDOUT_TRIPLE_AUDIT-000003-q12,SOLVED_STRICT_VALID,K_abs,dimensionless,0.37692935004876416,0.3985834781825547,0.37610283493995667,0.02165412813379053,0.02248064324259802,5.744877158276236,5.977259715733588,True,True,STRICT_VALID_FINITE_PRESELECTED_EXAMPLE
f20_qscan-HELDOUT_TRIPLE_AUDIT-000003,20,f20-4d6b0c6066ee,FORMAL_10K,14,,f20_qscan-HELDOUT_TRIPLE_AUDIT-000003-q14,SOLVED_INVALID,Lp_nH,nH,1.408213767820109,1.443479558182851,1.422234296798706,0.03526579036274202,0.021245261384144953,2.50429239996232,1.4937947588499105,False,False,FAILED_OR_STRICT_INVALID_PRESELECTED_RETAINED
f20_qscan-HELDOUT_TRIPLE_AUDIT-000003,20,f20-4d6b0c6066ee,FORMAL_10K,14,,f20_qscan-HELDOUT_TRIPLE_AUDIT-000003-q14,SOLVED_INVALID,Ls_nH,nH,1.1246067872002201,1.152971248967309,1.140567660331726,0.028364461767088844,0.012403588635582885,2.5221670445101947,1.0874925764575325,False,False,FAILED_OR_STRICT_INVALID_PRESELECTED_RETAINED
f20_qscan-HELDOUT_TRIPLE_AUDIT-000003,20,f20-4d6b0c6066ee,FORMAL_10K,14,,f20_qscan-HELDOUT_TRIPLE_AUDIT-000003-q14,SOLVED_INVALID,Qmin,dimensionless,14.0,13.622504922685826,13.970922470092773,-0.3774950773141743,-0.34841754740694775,2.6963934093869595,2.4938764648704983,False,False,FAILED_OR_STRICT_INVALID_PRESELECTED_RETAINED
f20_qscan-HELDOUT_TRIPLE_AUDIT-000003,20,f20-4d6b0c6066ee,FORMAL_10K,14,,f20_qscan-HELDOUT_TRIPLE_AUDIT-000003-q14,SOLVED_INVALID,K_abs,dimensionless,0.28914419467651703,0.33384925295664186,0.2900564670562744,0.04470505828012483,0.04379278590036745,15.461164050047438,15.098020859459455,False,False,FAILED_OR_STRICT_INVALID_PRESELECTED_RETAINED
f06_qscan-HELDOUT_TRIPLE_AUDIT-000003,6,f6-ba844c981dd6,FORMAL_10K,10,12.0,f06_qscan-HELDOUT_TRIPLE_AUDIT-000003-q10,SOLVED_STRICT_VALID,Lp_nH,nH,1.191735561686526,1.1858253950555315,1.190400242805481,-0.005910166630994418,-0.004574847749949429,0.49592936730279663,0.38431172856346507,True,True,STRICT_VALID_FINITE_PRESELECTED_EXAMPLE
f06_qscan-HELDOUT_TRIPLE_AUDIT-000003,6,f6-ba844c981dd6,FORMAL_10K,10,12.0,f06_qscan-HELDOUT_TRIPLE_AUDIT-000003-q10,SOLVED_STRICT_VALID,Ls_nH,nH,1.1769989267362162,1.1667181170115386,1.1717063188552856,-0.010280809724677598,-0.004988201843747042,0.8734765589961908,0.4257211695009321,True,True,STRICT_VALID_FINITE_PRESELECTED_EXAMPLE
f06_qscan-HELDOUT_TRIPLE_AUDIT-000003,6,f6-ba844c981dd6,FORMAL_10K,10,12.0,f06_qscan-HELDOUT_TRIPLE_AUDIT-000003-q10,SOLVED_STRICT_VALID,Qmin,dimensionless,10.0,9.867152239364117,9.98430061340332,-0.1328477606358831,-0.11714837403920342,1.328477606358831,1.1733257899099994,True,True,STRICT_VALID_FINITE_PRESELECTED_EXAMPLE
f06_qscan-HELDOUT_TRIPLE_AUDIT-000003,6,f6-ba844c981dd6,FORMAL_10K,10,12.0,f06_qscan-HELDOUT_TRIPLE_AUDIT-000003-q10,SOLVED_STRICT_VALID,K_abs,dimensionless,0.1761625759073154,0.18165773509857505,0.17507898807525635,0.0054951591912596465,0.006578747023318704,3.119368096746508,3.7575879867953548,True,True,STRICT_VALID_FINITE_PRESELECTED_EXAMPLE
f07_qscan-HELDOUT_TRIPLE_AUDIT-000003,7,f7-d0ffa9b31525,FORMAL_10K,11,,f07_qscan-HELDOUT_TRIPLE_AUDIT-000003-q11,SOLVED_STRICT_VALID,Lp_nH,nH,1.748124068638702,1.7552238490791132,1.7513659000396729,0.007099780440411152,0.003857949039440367,0.4061371024963856,0.220282297340206,True,True,STRICT_VALID_FINITE_PRESELECTED_EXAMPLE
f07_qscan-HELDOUT_TRIPLE_AUDIT-000003,7,f7-d0ffa9b31525,FORMAL_10K,11,,f07_qscan-HELDOUT_TRIPLE_AUDIT-000003-q11,SOLVED_STRICT_VALID,Ls_nH,nH,1.2747671313365136,1.272216921295214,1.2752763032913208,-0.0025502100412997386,-0.0030593819961068913,0.20005301192744143,0.23989954084546444,True,True,STRICT_VALID_FINITE_PRESELECTED_EXAMPLE
f07_qscan-HELDOUT_TRIPLE_AUDIT-000003,7,f7-d0ffa9b31525,FORMAL_10K,11,,f07_qscan-HELDOUT_TRIPLE_AUDIT-000003-q11,SOLVED_STRICT_VALID,Qmin,dimensionless,11.0,10.936256442416582,11.008879661560059,-0.06374355758341821,-0.0726232191434768,0.5794868871219837,0.6596785629064223,True,True,STRICT_VALID_FINITE_PRESELECTED_EXAMPLE
f07_qscan-HELDOUT_TRIPLE_AUDIT-000003,7,f7-d0ffa9b31525,FORMAL_10K,11,,f07_qscan-HELDOUT_TRIPLE_AUDIT-000003-q11,SOLVED_STRICT_VALID,K_abs,dimensionless,0.2057393570823096,0.1972443119791164,0.20381146669387817,-0.008495045103193183,-0.006567154714761769,4.129032589420698,3.222171363216545,True,True,STRICT_VALID_FINITE_PRESELECTED_EXAMPLE
f08_qscan-HELDOUT_TRIPLE_AUDIT-000003,8,f8-dc2e68a2a478,FORMAL_10K,14,,f08_qscan-HELDOUT_TRIPLE_AUDIT-000003-q14,SOLVED_STRICT_VALID,Lp_nH,nH,0.6213678335077405,0.6300314312841627,0.631182849407196,0.008663597776422227,-0.001151418123033321,1.3942784465546851,0.18242227654232485,True,True,STRICT_VALID_FINITE_PRESELECTED_EXAMPLE
f08_qscan-HELDOUT_TRIPLE_AUDIT-000003,8,f8-dc2e68a2a478,FORMAL_10K,14,,f08_qscan-HELDOUT_TRIPLE_AUDIT-000003-q14,SOLVED_STRICT_VALID,Ls_nH,nH,0.6962354920687819,0.6971232257485867,0.6913986802101135,0.0008877336798047697,0.005724545538473125,0.12750480116533178,0.8279659337407842,True,True,STRICT_VALID_FINITE_PRESELECTED_EXAMPLE
f08_qscan-HELDOUT_TRIPLE_AUDIT-000003,8,f8-dc2e68a2a478,FORMAL_10K,14,,f08_qscan-HELDOUT_TRIPLE_AUDIT-000003-q14,SOLVED_STRICT_VALID,Qmin,dimensionless,14.0,13.80020145892025,13.916422843933105,-0.19979854107974937,-0.11622138501285484,1.4271324362839242,0.8351383564313138,True,True,STRICT_VALID_FINITE_PRESELECTED_EXAMPLE
f08_qscan-HELDOUT_TRIPLE_AUDIT-000003,8,f8-dc2e68a2a478,FORMAL_10K,14,,f08_qscan-HELDOUT_TRIPLE_AUDIT-000003-q14,SOLVED_STRICT_VALID,K_abs,dimensionless,0.19298634942752127,0.19682670208464023,0.19759461283683777,0.0038403526571189617,-0.000767910752197537,1.9899607762471614,0.38862939691156123,True,True,STRICT_VALID_FINITE_PRESELECTED_EXAMPLE
f09_qscan-HELDOUT_TRIPLE_AUDIT-000003,9,f9-0cd8cd2dd857,FORMAL_10K,10,,f09_qscan-HELDOUT_TRIPLE_AUDIT-000003-q10,SOLVED_STRICT_VALID,Lp_nH,nH,0.9175728245681188,0.9195487575461119,0.9160574674606323,0.0019759329779930335,0.003491290085479548,0.2153434501422883,0.3811212952782994,True,True,STRICT_VALID_FINITE_PRESELECTED_EXAMPLE
f09_qscan-HELDOUT_TRIPLE_AUDIT-000003,9,f9-0cd8cd2dd857,FORMAL_10K,10,,f09_qscan-HELDOUT_TRIPLE_AUDIT-000003-q10,SOLVED_STRICT_VALID,Ls_nH,nH,1.2451463625298422,1.2391838917093512,1.2463555335998535,-0.0059624708204910615,-0.007171641890502345,0.47885702435629607,0.5754089982485546,True,True,STRICT_VALID_FINITE_PRESELECTED_EXAMPLE
f09_qscan-HELDOUT_TRIPLE_AUDIT-000003,9,f9-0cd8cd2dd857,FORMAL_10K,10,,f09_qscan-HELDOUT_TRIPLE_AUDIT-000003-q10,SOLVED_STRICT_VALID,Qmin,dimensionless,10.0,9.888272215173163,9.98284912109375,-0.11172778482683654,-0.09457690592058654,1.1172778482683654,0.9473939230509418,True,True,STRICT_VALID_FINITE_PRESELECTED_EXAMPLE
f09_qscan-HELDOUT_TRIPLE_AUDIT-000003,9,f9-0cd8cd2dd857,FORMAL_10K,10,,f09_qscan-HELDOUT_TRIPLE_AUDIT-000003-q10,SOLVED_STRICT_VALID,K_abs,dimensionless,0.3654300887739886,0.3789617445320508,0.36455851793289185,0.0135316557580622,0.014403226599158936,3.7029396795049534,3.950868212002741,True,True,STRICT_VALID_FINITE_PRESELECTED_EXAMPLE
f11_qscan-HELDOUT_TRIPLE_AUDIT-000003,11,f11-07165966aa39,FORMAL_10K,11,,f11_qscan-HELDOUT_TRIPLE_AUDIT-000003-q11,SOLVED_STRICT_VALID,Lp_nH,nH,1.452793834918549,1.459396587874649,1.4539698362350464,0.006602752956100133,0.0054267516396027116,0.4544865759614348,0.3732368790851196,True,True,STRICT_VALID_FINITE_PRESELECTED_EXAMPLE
f11_qscan-HELDOUT_TRIPLE_AUDIT-000003,11,f11-07165966aa39,FORMAL_10K,11,,f11_qscan-HELDOUT_TRIPLE_AUDIT-000003-q11,SOLVED_STRICT_VALID,Ls_nH,nH,0.938577168960629,0.9428990789706394,0.9401606321334839,0.004321910010010366,0.002738446837155517,0.46047465812495797,0.2912743571214236,True,True,STRICT_VALID_FINITE_PRESELECTED_EXAMPLE
f11_qscan-HELDOUT_TRIPLE_AUDIT-000003,11,f11-07165966aa39,FORMAL_10K,11,,f11_qscan-HELDOUT_TRIPLE_AUDIT-000003-q11,SOLVED_STRICT_VALID,Qmin,dimensionless,11.0,11.10005405398564,10.981184005737305,0.10005405398563916,0.11887004824833447,0.909582308960356,1.0824884473862637,True,True,STRICT_VALID_FINITE_PRESELECTED_EXAMPLE
f11_qscan-HELDOUT_TRIPLE_AUDIT-000003,11,f11-07165966aa39,FORMAL_10K,11,,f11_qscan-HELDOUT_TRIPLE_AUDIT-000003-q11,SOLVED_STRICT_VALID,K_abs,dimensionless,0.1343517293577792,0.13046618893484643,0.13287565112113953,-0.003885540422932765,-0.002409462186293093,2.8920658048141346,1.8133210757300031,True,True,STRICT_VALID_FINITE_PRESELECTED_EXAMPLE
f12_qscan-HELDOUT_TRIPLE_AUDIT-000003,12,f12-bbbcad303b3e,FORMAL_10K,14,,f12_qscan-HELDOUT_TRIPLE_AUDIT-000003-q14,SOLVED_STRICT_VALID,Lp_nH,nH,0.9463487898654307,0.9419517977600228,0.9468172788619995,-0.004396992105407893,-0.00486548110197671,0.46462701199556017,0.513877514764479,True,True,STRICT_VALID_FINITE_PRESELECTED_EXAMPLE
f12_qscan-HELDOUT_TRIPLE_AUDIT-000003,12,f12-bbbcad303b3e,FORMAL_10K,14,,f12_qscan-HELDOUT_TRIPLE_AUDIT-000003-q14,SOLVED_STRICT_VALID,Ls_nH,nH,1.3318769199633573,1.3289788724858904,1.3329403400421143,-0.002898047477466914,-0.003961467556223841,0.2175912379010701,0.29719766423294525,True,True,STRICT_VALID_FINITE_PRESELECTED_EXAMPLE
f12_qscan-HELDOUT_TRIPLE_AUDIT-000003,12,f12-bbbcad303b3e,FORMAL_10K,14,,f12_qscan-HELDOUT_TRIPLE_AUDIT-000003-q14,SOLVED_STRICT_VALID,Qmin,dimensionless,14.0,13.72234068764736,14.00278377532959,-0.27765931235263963,-0.2804430876822295,1.9832808025188544,2.002766679696363,True,True,STRICT_VALID_FINITE_PRESELECTED_EXAMPLE
f12_qscan-HELDOUT_TRIPLE_AUDIT-000003,12,f12-bbbcad303b3e,FORMAL_10K,14,,f12_qscan-HELDOUT_TRIPLE_AUDIT-000003-q14,SOLVED_STRICT_VALID,K_abs,dimensionless,0.13439437539358368,0.13219289111230406,0.1344708949327469,-0.0022014842812796143,-0.0022780038204428255,1.6380776909989037,1.6940497210062644,True,True,STRICT_VALID_FINITE_PRESELECTED_EXAMPLE
f13_qscan-HELDOUT_TRIPLE_AUDIT-000003,13,f13-940260e5c34c,FORMAL_10K,15,,f13_qscan-HELDOUT_TRIPLE_AUDIT-000003-q15,SOLVED_STRICT_VALID,Lp_nH,nH,0.9398807443539862,0.931798517426163,0.9380156993865967,-0.008082226927823122,-0.006217181960433638,0.8599204714400578,0.6628014823738327,True,True,STRICT_VALID_FINITE_PRESELECTED_EXAMPLE
f13_qscan-HELDOUT_TRIPLE_AUDIT-000003,13,f13-940260e5c34c,FORMAL_10K,15,,f13_qscan-HELDOUT_TRIPLE_AUDIT-000003-q15,SOLVED_STRICT_VALID,Ls_nH,nH,1.2378549956909966,1.2341196474686786,1.2351466417312622,-0.0037353482223179135,-0.0010269942625835693,0.3017597566209897,0.08314755737375985,True,True,STRICT_VALID_FINITE_PRESELECTED_EXAMPLE
f13_qscan-HELDOUT_TRIPLE_AUDIT-000003,13,f13-940260e5c34c,FORMAL_10K,15,,f13_qscan-HELDOUT_TRIPLE_AUDIT-000003-q15,SOLVED_STRICT_VALID,Qmin,dimensionless,15.0,14.985928594566357,14.930977821350098,-0.014071405433643491,0.05495077321625885,0.09380936955762327,0.36803197937702153,True,True,STRICT_VALID_FINITE_PRESELECTED_EXAMPLE
f13_qscan-HELDOUT_TRIPLE_AUDIT-000003,13,f13-940260e5c34c,FORMAL_10K,15,,f13_qscan-HELDOUT_TRIPLE_AUDIT-000003-q15,SOLVED_STRICT_VALID,K_abs,dimensionless,0.22157925253551858,0.22277193495081624,0.2206515520811081,0.0011926824152976578,0.002120382869708143,0.5382644817372845,0.9609644027922917,True,True,STRICT_VALID_FINITE_PRESELECTED_EXAMPLE
f14_qscan-HELDOUT_TRIPLE_AUDIT-000003,14,f14-734ef171b954,FORMAL_10K,15,,f14_qscan-HELDOUT_TRIPLE_AUDIT-000003-q15,SOLVED_STRICT_VALID,Lp_nH,nH,0.8607347625547895,0.8671108190514094,0.8630632758140564,0.006376056496619875,0.004047543237353013,0.7407690236298562,0.46897410083117014,True,True,STRICT_VALID_FINITE_PRESELECTED_EXAMPLE
f14_qscan-HELDOUT_TRIPLE_AUDIT-000003,14,f14-734ef171b954,FORMAL_10K,15,,f14_qscan-HELDOUT_TRIPLE_AUDIT-000003-q15,SOLVED_STRICT_VALID,Ls_nH,nH,0.9488998787812598,0.9453679887663113,0.9488801956176758,-0.003531890014948469,-0.003512206851364441,0.3722089225561635,0.3701422864114222,True,True,STRICT_VALID_FINITE_PRESELECTED_EXAMPLE
f14_qscan-HELDOUT_TRIPLE_AUDIT-000003,14,f14-734ef171b954,FORMAL_10K,15,,f14_qscan-HELDOUT_TRIPLE_AUDIT-000003-q15,SOLVED_STRICT_VALID,Qmin,dimensionless,15.0,15.051686649566236,14.976571083068848,0.05168664956623559,0.07511556649738793,0.3445776637749039,0.5015538341904361,True,True,STRICT_VALID_FINITE_PRESELECTED_EXAMPLE
f14_qscan-HELDOUT_TRIPLE_AUDIT-000003,14,f14-734ef171b954,FORMAL_10K,15,,f14_qscan-HELDOUT_TRIPLE_AUDIT-000003-q15,SOLVED_STRICT_VALID,K_abs,dimensionless,0.3471541323292224,0.3406151956817771,0.3464435636997223,-0.006538936647445259,-0.0058283680179451736,1.883583123027348,1.6823427041631733,True,True,STRICT_VALID_FINITE_PRESELECTED_EXAMPLE
f16_qscan-HELDOUT_TRIPLE_AUDIT-000003,16,f16-d1f0e127f1c7,FORMAL_10K,16,,f16_qscan-HELDOUT_TRIPLE_AUDIT-000003-q16,SOLVED_STRICT_VALID,Lp_nH,nH,0.9293485099885203,0.9280784805761016,0.930558443069458,-0.0012700294124186051,-0.002479962493356358,0.1366580350394378,0.2665026051642896,True,True,STRICT_VALID_FINITE_PRESELECTED_EXAMPLE
f16_qscan-HELDOUT_TRIPLE_AUDIT-000003,16,f16-d1f0e127f1c7,FORMAL_10K,16,,f16_qscan-HELDOUT_TRIPLE_AUDIT-000003-q16,SOLVED_STRICT_VALID,Ls_nH,nH,1.193804475399866,1.1974166396202417,1.1972758769989014,0.003612164220375691,0.00014076262134032902,0.30257586521157853,0.011756907830897372,True,True,STRICT_VALID_FINITE_PRESELECTED_EXAMPLE
f16_qscan-HELDOUT_TRIPLE_AUDIT-000003,16,f16-d1f0e127f1c7,FORMAL_10K,16,,f16_qscan-HELDOUT_TRIPLE_AUDIT-000003-q16,SOLVED_STRICT_VALID,Qmin,dimensionless,16.0,15.794550130221227,16.004322052001953,-0.20544986977877322,-0.20977192178072634,1.2840616861173326,1.3107204485083848,True,True,STRICT_VALID_FINITE_PRESELECTED_EXAMPLE
f16_qscan-HELDOUT_TRIPLE_AUDIT-000003,16,f16-d1f0e127f1c7,FORMAL_10K,16,,f16_qscan-HELDOUT_TRIPLE_AUDIT-000003-q16,SOLVED_STRICT_VALID,K_abs,dimensionless,0.2230704414490719,0.2355694096981834,0.22346839308738708,0.012498968249111508,0.012101016610796322,5.603148569536088,5.4150908965744575,True,True,STRICT_VALID_FINITE_PRESELECTED_EXAMPLE
f17_qscan-HELDOUT_TRIPLE_AUDIT-000003,17,f17-7b878ff5d5dc,FORMAL_10K,13,,f17_qscan-HELDOUT_TRIPLE_AUDIT-000003-q13,SOLVED_STRICT_VALID,Lp_nH,nH,1.0820674788058937,1.0859089835358604,1.0778920650482178,0.003841504729966694,0.008016918487642632,0.355015265240755,0.743758929822348,True,True,STRICT_VALID_FINITE_PRESELECTED_EXAMPLE
f17_qscan-HELDOUT_TRIPLE_AUDIT-000003,17,f17-7b878ff5d5dc,FORMAL_10K,13,,f17_qscan-HELDOUT_TRIPLE_AUDIT-000003-q13,SOLVED_STRICT_VALID,Ls_nH,nH,1.0832500460086845,1.0808976537227546,1.0797920227050781,-0.002352392285929872,0.0011056310176764672,0.2171605987553323,0.10239296035051802,True,True,STRICT_VALID_FINITE_PRESELECTED_EXAMPLE
f17_qscan-HELDOUT_TRIPLE_AUDIT-000003,17,f17-7b878ff5d5dc,FORMAL_10K,13,,f17_qscan-HELDOUT_TRIPLE_AUDIT-000003-q13,SOLVED_STRICT_VALID,Qmin,dimensionless,13.0,13.292589340369373,12.9408597946167,0.2925893403693731,0.3517295457526739,2.2506872336105626,2.717976636289582,True,True,STRICT_VALID_FINITE_PRESELECTED_EXAMPLE
f17_qscan-HELDOUT_TRIPLE_AUDIT-000003,17,f17-7b878ff5d5dc,FORMAL_10K,13,,f17_qscan-HELDOUT_TRIPLE_AUDIT-000003-q13,SOLVED_STRICT_VALID,K_abs,dimensionless,0.299155079726751,0.27596082426054236,0.2977994680404663,-0.023194255466208624,-0.02183864377992395,7.753254762511242,7.333338747588501,True,True,STRICT_VALID_FINITE_PRESELECTED_EXAMPLE
f18_qscan-HELDOUT_TRIPLE_AUDIT-000003,18,f18-1a136fda6a2a,FORMAL_10K,13,,f18_qscan-HELDOUT_TRIPLE_AUDIT-000003-q13,SOLVED_STRICT_VALID,Lp_nH,nH,1.4198013971767667,1.4290465724062116,1.4204435348510742,0.009245175229444902,0.00860303755513736,0.6511597500769235,0.6056585386225396,True,True,STRICT_VALID_FINITE_PRESELECTED_EXAMPLE
f18_qscan-HELDOUT_TRIPLE_AUDIT-000003,18,f18-1a136fda6a2a,FORMAL_10K,13,,f18_qscan-HELDOUT_TRIPLE_AUDIT-000003-q13,SOLVED_STRICT_VALID,Ls_nH,nH,0.7621313309257273,0.7663275165862751,0.7703641057014465,0.004196185660547802,-0.004036589115171463,0.5505856392822587,0.5239845788889647,True,True,STRICT_VALID_FINITE_PRESELECTED_EXAMPLE
f18_qscan-HELDOUT_TRIPLE_AUDIT-000003,18,f18-1a136fda6a2a,FORMAL_10K,13,,f18_qscan-HELDOUT_TRIPLE_AUDIT-000003-q13,SOLVED_STRICT_VALID,Qmin,dimensionless,13.0,13.100184036904444,13.016704559326172,0.10018403690444444,0.08347947757827257,0.7706464377264957,0.6413257456816244,True,True,STRICT_VALID_FINITE_PRESELECTED_EXAMPLE
f18_qscan-HELDOUT_TRIPLE_AUDIT-000003,18,f18-1a136fda6a2a,FORMAL_10K,13,,f18_qscan-HELDOUT_TRIPLE_AUDIT-000003-q13,SOLVED_STRICT_VALID,K_abs,dimensionless,0.20633611580663888,0.20177938802944084,0.20833487808704376,-0.0045567277771980386,-0.00655549005760292,2.2084004825738925,3.146611896095473,True,True,STRICT_VALID_FINITE_PRESELECTED_EXAMPLE
